,U,target_U,nbt,AMCmax,Greedy,EDFVD_test,LPA,OCBP,PLRS,Vestal,LWLF,LWLF_t,LWLF_n_states,EDFVD,EDFVD_t,EDFVD_n_states
0,0.405,0.4,4.0,1.0,1.0,1.0,1.0,1.0,1.0,1.0,1.0,1.7787871360778809,182.0,1.0,1.8386971950531006,194.0
1,0.3977732793522267,0.4,4.0,1.0,1.0,1.0,1.0,1.0,1.0,1.0,1.0,1.7971858978271484,174.0,1.0,1.7584178447723389,174.0
2,0.40384615384615385,0.4,4.0,1.0,1.0,1.0,1.0,1.0,1.0,1.0,1.0,1.0739400386810303,144.0,1.0,1.0498602390289307,114.0
3,0.39999999999999997,0.4,4.0,1.0,1.0,1.0,1.0,1.0,1.0,1.0,1.0,19.707448959350586,12915.0,1.0,16.002236127853394,8727.0
4,0.39522058823529416,0.4,4.0,1.0,1.0,1.0,1.0,1.0,1.0,1.0,1.0,1.5297389030456543,172.0,1.0,1.4498741626739502,146.0
5,0.3961038961038961,0.4,4.0,1.0,1.0,1.0,1.0,1.0,1.0,1.0,1.0,2.306432008743286,156.0,1.0,2.317423105239868,156.0
6,0.39682539682539686,0.4,4.0,1.0,1.0,1.0,1.0,1.0,1.0,1.0,1.0,2.783291816711426,378.0,1.0,2.615083694458008,316.0
7,0.3975563909774436,0.4,4.0,1.0,1.0,1.0,1.0,1.0,1.0,1.0,1.0,2.548549175262451,296.0,1.0,2.5173580646514893,296.0
8,0.39642857142857146,0.4,4.0,1.0,1.0,1.0,1.0,1.0,1.0,1.0,1.0,1.3334581851959229,136.0,1.0,1.2868330478668213,136.0
9,0.40340996168582377,0.4,4.0,1.0,1.0,1.0,1.0,1.0,1.0,1.0,1.0,6.191885232925415,3084.0,1.0,6.172712326049805,2898.0
10,0.4078011233617641,0.41,4.0,1.0,1.0,1.0,1.0,1.0,1.0,1.0,1.0,13.530737161636353,4808.0,1.0,12.412262916564941,3824.0
11,0.4057971014492754,0.41,4.0,1.0,1.0,1.0,1.0,1.0,1.0,1.0,1.0,2.096176862716675,266.0,1.0,2.003340005874634,256.0
12,0.40522875816993464,0.41,4.0,1.0,1.0,1.0,1.0,1.0,1.0,1.0,1.0,2.3092169761657715,270.0,1.0,2.3128747940063477,270.0
13,0.40969899665551845,0.41,4.0,1.0,1.0,1.0,1.0,1.0,1.0,1.0,1.0,1.8989770412445068,168.0,1.0,1.9578330516815186,168.0
14,0.4098750220031684,0.41,4.0,1.0,1.0,1.0,1.0,1.0,1.0,1.0,1.0,8.609034061431885,4815.0,1.0,8.037099838256836,4755.0
15,0.40909090909090906,0.41,4.0,1.0,1.0,1.0,1.0,1.0,1.0,1.0,1.0,0.9492249488830566,64.0,1.0,1.0134632587432861,64.0
16,0.4063157894736842,0.41,4.0,1.0,1.0,1.0,1.0,1.0,1.0,1.0,1.0,2.275355100631714,146.0,1.0,2.3081350326538086,100.0
17,0.40555555555555556,0.41,4.0,1.0,1.0,1.0,1.0,1.0,1.0,1.0,1.0,1.4514641761779785,84.0,1.0,1.5855200290679932,84.0
18,0.4074074074074074,0.41,4.0,1.0,1.0,1.0,1.0,1.0,1.0,1.0,1.0,2.1408729553222656,160.0,1.0,2.0361480712890625,160.0
19,0.40601503759398494,0.41,4.0,1.0,1.0,1.0,1.0,1.0,1.0,1.0,1.0,1.0696818828582764,122.0,1.0,1.1342320442199707,122.0
20,0.4166666666666667,0.42,4.0,1.0,1.0,1.0,1.0,1.0,1.0,1.0,1.0,3.7695252895355225,1404.0,1.0,3.5673139095306396,1350.0
21,0.4155092592592593,0.42,4.0,1.0,1.0,1.0,1.0,1.0,1.0,1.0,1.0,1.9291810989379883,198.0,1.0,2.2405099868774414,198.0
22,0.42280701754385963,0.42,4.0,1.0,1.0,1.0,1.0,1.0,1.0,1.0,1.0,1.8254857063293457,152.0,1.0,1.685117244720459,144.0
23,0.425,0.42,4.0,1.0,1.0,1.0,1.0,1.0,1.0,1.0,1.0,2.253915309906006,298.0,1.0,2.0710599422454834,258.0
24,0.4158868092691622,0.42,4.0,1.0,1.0,1.0,1.0,1.0,1.0,1.0,1.0,3.2745609283447266,1101.0,1.0,3.2431321144104004,1059.0
25,0.41964285714285715,0.42,4.0,1.0,1.0,1.0,1.0,1.0,1.0,1.0,1.0,1.1986947059631348,118.0,1.0,1.1462509632110596,118.0
26,0.41871921182266014,0.42,4.0,1.0,1.0,1.0,1.0,1.0,1.0,1.0,1.0,2.8935201168060303,500.0,1.0,3.02241587638855,412.0
27,0.41898550724637684,0.42,4.0,1.0,1.0,1.0,1.0,1.0,1.0,1.0,1.0,4.295238018035889,1131.0,1.0,4.38922119140625,957.0
28,0.41614906832298143,0.42,4.0,1.0,1.0,1.0,1.0,1.0,1.0,1.0,1.0,8.188830852508545,5202.0,1.0,6.677931070327759,3144.0
29,0.42045454545454547,0.42,4.0,1.0,1.0,1.0,1.0,1.0,1.0,1.0,1.0,1.4296469688415527,74.0,1.0,1.438765048980713,60.0
30,0.43386243386243384,0.43,4.0,1.0,1.0,1.0,1.0,1.0,1.0,1.0,1.0,2.6641769409179688,434.0,1.0,2.7815487384796143,398.0
31,0.4309523809523809,0.43,4.0,1.0,1.0,1.0,1.0,1.0,1.0,1.0,1.0,1.1968231201171875,126.0,1.0,1.286052942276001,126.0
32,0.4293924466338259,0.43,4.0,1.0,1.0,1.0,1.0,1.0,1.0,1.0,1.0,1.7526850700378418,242.0,1.0,1.637171983718872,242.0
33,0.42950998185117967,0.43,4.0,1.0,1.0,1.0,1.0,1.0,1.0,1.0,1.0,5.558025121688843,2307.0,1.0,5.341471910476685,1986.0
34,0.425,0.43,4.0,1.0,1.0,1.0,1.0,1.0,1.0,1.0,1.0,2.1025052070617676,184.0,1.0,2.0953519344329834,184.0
35,0.43141414141414136,0.43,4.0,1.0,1.0,1.0,1.0,1.0,1.0,1.0,1.0,3.738107919692993,1122.0,1.0,3.6063191890716553,1083.0
36,0.42786511156186613,0.43,4.0,1.0,1.0,1.0,1.0,1.0,1.0,1.0,1.0,6.694532155990601,3033.0,1.0,6.5585410594940186,2949.0
37,0.43431855500821015,0.43,4.0,1.0,1.0,1.0,1.0,1.0,1.0,1.0,1.0,2.8429832458496094,402.0,1.0,3.137436866760254,402.0
38,0.434640522875817,0.43,4.0,1.0,1.0,1.0,1.0,1.0,1.0,1.0,1.0,1.5663270950317383,252.0,1.0,1.5417170524597168,230.0
39,0.4342105263157895,0.43,4.0,1.0,1.0,1.0,1.0,1.0,1.0,1.0,1.0,4.422062873840332,1854.0,1.0,4.6098082065582275,1839.0
40,0.4369047619047619,0.44,4.0,1.0,1.0,1.0,1.0,1.0,1.0,1.0,1.0,1.9477341175079346,270.0,1.0,2.2292048931121826,252.0
41,0.44047619047619047,0.44,4.0,1.0,1.0,1.0,1.0,1.0,1.0,1.0,1.0,2.2802963256835938,152.0,1.0,2.0587289333343506,152.0
42,0.4444444444444444,0.44,4.0,1.0,1.0,1.0,1.0,1.0,1.0,1.0,1.0,1.4947116374969482,90.0,1.0,1.3220741748809814,90.0
43,0.4423076923076923,0.44,4.0,1.0,1.0,1.0,1.0,1.0,1.0,1.0,1.0,2.461707830429077,418.0,1.0,2.617050886154175,390.0
44,0.44482758620689655,0.44,4.0,1.0,1.0,1.0,1.0,1.0,1.0,1.0,1.0,2.1305463314056396,238.0,1.0,2.1366541385650635,214.0
45,0.44252873563218387,0.44,4.0,1.0,1.0,1.0,1.0,1.0,1.0,1.0,1.0,9.89551591873169,4419.0,1.0,9.175271034240723,3291.0
46,0.437037037037037,0.44,4.0,1.0,1.0,1.0,1.0,1.0,1.0,1.0,1.0,2.3471457958221436,234.0,1.0,2.251638889312744,234.0
47,0.44130434782608696,0.44,4.0,1.0,1.0,1.0,1.0,1.0,1.0,1.0,1.0,2.2701590061187744,194.0,1.0,2.047644853591919,144.0
48,0.44000000000000006,0.44,4.0,1.0,1.0,1.0,1.0,1.0,1.0,1.0,1.0,2.3028080463409424,162.0,1.0,2.2802107334136963,162.0
49,0.4444444444444444,0.44,4.0,1.0,1.0,1.0,1.0,1.0,1.0,1.0,1.0,1.0037219524383545,140.0,1.0,0.994924783706665,140.0
50,0.4477564102564102,0.45,4.0,1.0,1.0,1.0,1.0,1.0,1.0,1.0,1.0,5.1771080493927,2094.0,1.0,4.8826868534088135,1746.0
51,0.45168067226890757,0.45,4.0,1.0,1.0,1.0,1.0,1.0,1.0,1.0,1.0,2.2129709720611572,552.0,1.0,2.13545298576355,540.0
52,0.45333333333333337,0.45,4.0,1.0,1.0,1.0,1.0,1.0,1.0,1.0,1.0,2.1474380493164062,124.0,1.0,2.0411391258239746,94.0
53,0.45,0.45,4.0,1.0,1.0,1.0,1.0,1.0,1.0,1.0,1.0,1.1003119945526123,144.0,1.0,1.0872511863708496,144.0
54,0.4532861774241085,0.45,4.0,1.0,1.0,1.0,1.0,1.0,1.0,1.0,1.0,4.219705104827881,1680.0,1.0,4.207530975341797,1596.0
55,0.4537037037037037,0.45,4.0,1.0,1.0,1.0,1.0,1.0,1.0,1.0,1.0,2.49190092086792,336.0,1.0,2.5836148262023926,336.0
56,0.4472934472934473,0.45,4.0,1.0,1.0,1.0,1.0,1.0,1.0,1.0,1.0,2.3387601375579834,258.0,1.0,2.564934015274048,270.0
57,0.4529220779220779,0.45,4.0,1.0,1.0,1.0,1.0,1.0,1.0,1.0,1.0,7.591042995452881,4320.0,1.0,6.420208930969238,3207.0
58,0.44612068965517243,0.45,4.0,1.0,1.0,1.0,1.0,1.0,1.0,1.0,1.0,1.692986249923706,196.0,1.0,1.498534917831421,186.0
59,0.4534412955465587,0.45,4.0,1.0,1.0,1.0,1.0,1.0,1.0,1.0,1.0,2.3358490467071533,308.0,1.0,2.4352619647979736,300.0
60,0.4603448275862069,0.46,4.0,1.0,1.0,1.0,1.0,1.0,1.0,1.0,1.0,2.5777242183685303,206.0,1.0,2.7873940467834473,206.0
61,0.46163682864450134,0.46,4.0,1.0,1.0,1.0,1.0,1.0,1.0,1.0,1.0,2.079707145690918,318.0,1.0,2.328587770462036,318.0
62,0.4581939799331104,0.46,4.0,1.0,1.0,1.0,1.0,1.0,1.0,1.0,1.0,2.427037000656128,508.0,1.0,2.448418140411377,476.0
63,0.45555555555555555,0.46,4.0,1.0,1.0,1.0,1.0,1.0,1.0,1.0,1.0,2.088076114654541,88.0,1.0,2.221343994140625,88.0
64,0.45634920634920634,0.46,4.0,1.0,1.0,1.0,1.0,1.0,1.0,1.0,1.0,2.4889190196990967,446.0,1.0,2.671329975128174,440.0
65,0.4613793103448276,0.46,4.0,1.0,1.0,1.0,1.0,1.0,1.0,1.0,1.0,2.8879849910736084,516.0,1.0,2.9638009071350098,496.0
66,0.45555555555555555,0.46,4.0,1.0,1.0,1.0,1.0,1.0,1.0,1.0,1.0,1.595257043838501,74.0,1.0,1.7135770320892334,74.0
67,0.4589285714285714,0.46,4.0,1.0,1.0,1.0,1.0,1.0,1.0,1.0,1.0,68.56134080886841,45164.0,1.0,67.89896607398987,38204.0
68,0.45534093855327973,0.46,4.0,1.0,1.0,1.0,1.0,1.0,1.0,1.0,1.0,33.77648091316223,15736.0,1.0,31.42925786972046,15232.0
69,0.45555555555555555,0.46,4.0,1.0,1.0,1.0,1.0,1.0,1.0,1.0,1.0,2.0147640705108643,104.0,1.0,1.9133551120758057,104.0
70,0.47023809523809523,0.47,4.0,1.0,1.0,1.0,1.0,1.0,1.0,1.0,1.0,2.6302011013031006,310.0,1.0,2.5518438816070557,300.0
71,0.46691176470588236,0.47,4.0,1.0,1.0,1.0,1.0,1.0,1.0,1.0,1.0,0.7623400688171387,48.0,1.0,0.7809343338012695,48.0
72,0.4669986435353752,0.47,4.0,1.0,1.0,1.0,1.0,1.0,1.0,1.0,1.0,206.04074001312256,135580.0,1.0,174.86387181282043,111964.0
73,0.46600877192982454,0.47,4.0,1.0,1.0,1.0,1.0,1.0,1.0,1.0,1.0,2.5209720134735107,344.0,1.0,2.4088828563690186,336.0
74,0.47480106100795755,0.47,4.0,1.0,1.0,1.0,1.0,1.0,1.0,1.0,1.0,2.5268471240997314,256.0,1.0,2.6561570167541504,256.0
75,0.46998722860791825,0.47,4.0,1.0,1.0,1.0,1.0,1.0,1.0,1.0,1.0,2.8490357398986816,512.0,1.0,2.8574461936950684,446.0
76,0.4676470588235294,0.47,4.0,1.0,1.0,1.0,1.0,1.0,1.0,1.0,1.0,1.5620243549346924,364.0,1.0,1.5012261867523193,264.0
77,0.46590909090909094,0.47,4.0,1.0,1.0,1.0,1.0,1.0,1.0,1.0,1.0,2.022292375564575,126.0,1.0,2.110618829727173,126.0
78,0.4700854700854701,0.47,4.0,1.0,1.0,1.0,1.0,1.0,1.0,1.0,1.0,1.3312108516693115,194.0,1.0,1.2127342224121094,152.0
79,0.46835839598997486,0.47,4.0,1.0,1.0,1.0,1.0,1.0,1.0,1.0,1.0,13.034791231155396,8871.0,1.0,11.10801100730896,7071.0
80,0.4766081871345029,0.48,4.0,1.0,1.0,1.0,1.0,1.0,1.0,1.0,1.0,1.6922109127044678,74.0,1.0,1.5977296829223633,74.0
81,0.47575914423740506,0.48,4.0,1.0,1.0,1.0,1.0,1.0,1.0,1.0,1.0,7.466081857681274,5100.0,1.0,6.730457067489624,4131.0
82,0.4833333333333333,0.48,4.0,1.0,1.0,1.0,1.0,1.0,1.0,1.0,1.0,1.6135060787200928,120.0,1.0,1.493682861328125,120.0
83,0.4844827586206896,0.48,4.0,1.0,1.0,1.0,1.0,1.0,1.0,1.0,1.0,2.2884867191314697,150.0,1.0,2.2771379947662354,150.0
84,0.47992530345471524,0.48,4.0,1.0,1.0,1.0,1.0,1.0,1.0,1.0,1.0,10.842160940170288,5226.0,1.0,12.452912092208862,5076.0
85,0.4849137931034483,0.48,4.0,0.0,1.0,1.0,1.0,1.0,1.0,1.0,1.0,2.5057740211486816,248.0,1.0,2.611586809158325,248.0
86,0.47619047619047616,0.48,4.0,1.0,1.0,1.0,1.0,1.0,1.0,1.0,1.0,4.822103977203369,1524.0,1.0,4.674351930618286,1524.0
87,0.4772727272727273,0.48,4.0,1.0,1.0,1.0,1.0,1.0,1.0,1.0,1.0,1.989400863647461,264.0,1.0,2.278247833251953,258.0
88,0.47857142857142854,0.48,4.0,1.0,1.0,1.0,1.0,1.0,1.0,1.0,1.0,151.7744369506836,97140.0,1.0,128.5598919391632,76908.0
89,0.48457792207792205,0.48,4.0,1.0,1.0,1.0,1.0,1.0,1.0,1.0,1.0,1.8460109233856201,447.0,1.0,2.0451507568359375,432.0
90,0.49399164054336464,0.49,4.0,1.0,1.0,1.0,1.0,1.0,1.0,1.0,1.0,8.267667055130005,4662.0,1.0,6.783318996429443,4059.0
91,0.49261083743842365,0.49,4.0,1.0,1.0,1.0,1.0,1.0,1.0,1.0,1.0,7.36495304107666,2670.0,1.0,6.460812091827393,2481.0
92,0.49137931034482757,0.49,4.0,1.0,1.0,1.0,1.0,1.0,1.0,1.0,1.0,3.516140937805176,348.0,1.0,3.3641459941864014,348.0
93,0.4929653679653679,0.49,4.0,1.0,1.0,1.0,1.0,1.0,1.0,1.0,1.0,4.350398063659668,966.0,1.0,4.3307578563690186,966.0
94,0.4857142857142857,0.49,4.0,1.0,1.0,1.0,1.0,1.0,1.0,1.0,1.0,1.999891996383667,160.0,1.0,2.0079150199890137,160.0
95,0.4935897435897436,0.49,4.0,1.0,1.0,1.0,1.0,1.0,1.0,1.0,1.0,2.156992197036743,118.0,1.0,1.8509278297424316,118.0
96,0.49425287356321834,0.49,4.0,1.0,1.0,1.0,1.0,1.0,1.0,1.0,1.0,2.7867438793182373,274.0,1.0,2.744032859802246,274.0
97,0.49411764705882355,0.49,4.0,1.0,1.0,1.0,1.0,1.0,1.0,1.0,1.0,10.654567956924438,5541.0,1.0,11.41807508468628,5244.0
98,0.4894179894179894,0.49,4.0,1.0,1.0,1.0,1.0,1.0,1.0,1.0,1.0,2.396951913833618,316.0,1.0,2.137096881866455,318.0
99,0.4930555555555556,0.49,4.0,0.0,1.0,1.0,1.0,1.0,1.0,1.0,1.0,2.182664155960083,214.0,1.0,2.390367269515991,214.0
100,0.5010893246187365,0.5,4.0,1.0,1.0,1.0,1.0,1.0,1.0,1.0,1.0,2.0847342014312744,236.0,1.0,1.96380615234375,236.0
101,0.49837662337662336,0.5,4.0,1.0,1.0,1.0,1.0,1.0,1.0,1.0,1.0,2.646085023880005,438.0,1.0,3.518294095993042,384.0
102,0.4985714285714286,0.5,4.0,1.0,1.0,1.0,1.0,1.0,1.0,1.0,1.0,5.813117027282715,1926.0,1.0,4.601362943649292,1131.0
103,0.5005747126436781,0.5,4.0,1.0,1.0,1.0,1.0,1.0,1.0,1.0,1.0,5.635692834854126,1695.0,1.0,5.20158314704895,1677.0
104,0.5,0.5,4.0,1.0,1.0,1.0,1.0,1.0,1.0,1.0,1.0,1.6427509784698486,118.0,1.0,1.7678782939910889,118.0
105,0.5,0.5,4.0,1.0,1.0,1.0,1.0,1.0,1.0,1.0,1.0,2.4007880687713623,406.0,1.0,2.326056957244873,402.0
106,0.5045454545454546,0.5,4.0,1.0,1.0,1.0,1.0,1.0,1.0,1.0,1.0,1.4835987091064453,170.0,1.0,1.358525037765503,172.0
107,0.5009523809523809,0.5,4.0,1.0,1.0,1.0,1.0,1.0,1.0,1.0,1.0,2.0680480003356934,250.0,1.0,1.9718871116638184,248.0
108,0.5000608939227865,0.5,4.0,0.0,1.0,1.0,1.0,1.0,1.0,0.0,1.0,24.76232385635376,14550.0,1.0,21.58029794692993,9255.0
109,0.5042087542087542,0.5,4.0,1.0,1.0,1.0,1.0,1.0,1.0,1.0,1.0,2.535849094390869,232.0,1.0,2.5173568725585938,144.0
110,0.5111111111111111,0.51,4.0,1.0,1.0,1.0,1.0,1.0,1.0,1.0,1.0,1.7567191123962402,172.0,1.0,1.7550442218780518,134.0
111,0.5093167701863355,0.51,4.0,1.0,1.0,1.0,1.0,1.0,1.0,1.0,1.0,2.1892220973968506,292.0,1.0,2.214700698852539,292.0
112,0.5119047619047619,0.51,4.0,1.0,1.0,1.0,1.0,1.0,1.0,1.0,1.0,4.436830997467041,1350.0,1.0,4.022021055221558,1350.0
113,0.5124521072796935,0.51,4.0,1.0,1.0,1.0,1.0,1.0,1.0,1.0,1.0,2.24757981300354,332.0,1.0,2.2655460834503174,326.0
114,0.5105263157894737,0.51,4.0,1.0,1.0,1.0,1.0,1.0,1.0,1.0,1.0,13.892579078674316,7404.0,1.0,12.995267868041992,6339.0
115,0.5064102564102564,0.51,4.0,1.0,1.0,1.0,1.0,1.0,1.0,1.0,1.0,2.7907750606536865,518.0,1.0,3.062208890914917,432.0
116,0.5112443778110944,0.51,4.0,1.0,1.0,1.0,1.0,1.0,1.0,1.0,1.0,4.012317180633545,614.0,1.0,3.7902448177337646,606.0
117,0.5096618357487923,0.51,4.0,1.0,1.0,1.0,1.0,1.0,1.0,1.0,1.0,1.9796950817108154,194.0,1.0,2.015448808670044,194.0
118,0.5125,0.51,4.0,1.0,1.0,1.0,1.0,1.0,1.0,1.0,1.0,1.529749870300293,388.0,1.0,1.8100860118865967,276.0
119,0.5108695652173914,0.51,4.0,1.0,1.0,1.0,1.0,1.0,1.0,1.0,1.0,1.6622889041900635,206.0,1.0,2.2809882164001465,206.0
120,0.5244444444444445,0.52,4.0,1.0,1.0,1.0,1.0,1.0,1.0,1.0,1.0,1.6889219284057617,228.0,1.0,1.7438280582427979,228.0
121,0.5202922077922079,0.52,4.0,1.0,1.0,1.0,1.0,1.0,1.0,1.0,1.0,6.614912986755371,2061.0,1.0,5.189138889312744,1602.0
122,0.518840579710145,0.52,4.0,1.0,1.0,1.0,1.0,1.0,1.0,1.0,1.0,1.6445538997650146,176.0,1.0,1.8113808631896973,176.0
123,0.5173913043478261,0.52,4.0,1.0,1.0,1.0,1.0,1.0,1.0,1.0,1.0,2.4358201026916504,184.0,1.0,1.5146009922027588,186.0
124,0.520320197044335,0.52,4.0,1.0,1.0,1.0,1.0,1.0,1.0,1.0,1.0,3.499887228012085,464.0,1.0,3.4557650089263916,418.0
125,0.5248275862068965,0.52,4.0,1.0,1.0,1.0,1.0,1.0,1.0,1.0,1.0,3.3239402770996094,570.0,1.0,3.679266929626465,528.0
126,0.5230769230769231,0.52,4.0,1.0,1.0,1.0,1.0,1.0,1.0,1.0,1.0,1.9992761611938477,168.0,1.0,2.469385862350464,168.0
127,0.5194140897465706,0.52,4.0,0.0,1.0,1.0,1.0,1.0,1.0,0.0,1.0,32.03539276123047,14862.0,1.0,25.887451887130737,9198.0
128,0.5238095238095237,0.52,4.0,1.0,1.0,1.0,1.0,1.0,1.0,1.0,1.0,4.1977622509002686,234.0,1.0,3.4703428745269775,180.0
129,0.5157407407407408,0.52,4.0,0.0,1.0,1.0,1.0,1.0,1.0,0.0,1.0,44.25132203102112,20952.0,1.0,35.93218183517456,14547.0
130,0.5289819004524887,0.53,4.0,1.0,1.0,1.0,1.0,1.0,1.0,1.0,1.0,70.86724710464478,47020.0,1.0,62.09035897254944,38772.0
131,0.5277653381101657,0.53,4.0,1.0,1.0,1.0,1.0,1.0,1.0,1.0,1.0,19.153813123703003,8991.0,1.0,15.135026216506958,8064.0
132,0.5278867102396514,0.53,4.0,1.0,1.0,1.0,1.0,1.0,1.0,1.0,1.0,9.958286046981812,4167.0,1.0,8.036282062530518,3912.0
133,0.5337643678160919,0.53,4.0,1.0,1.0,1.0,1.0,1.0,1.0,1.0,1.0,33.62541103363037,17598.0,1.0,30.076167821884155,15099.0
134,0.5340909090909091,0.53,4.0,1.0,1.0,1.0,1.0,1.0,1.0,1.0,1.0,2.263021230697632,178.0,1.0,2.4175522327423096,168.0
135,0.5303448275862069,0.53,4.0,1.0,1.0,1.0,1.0,1.0,1.0,1.0,1.0,22.466907739639282,12243.0,1.0,20.187450170516968,9492.0
136,0.5259180474697716,0.53,4.0,1.0,1.0,1.0,1.0,1.0,1.0,1.0,1.0,27.71484684944153,14547.0,1.0,22.147008180618286,11421.0
137,0.5332167832167832,0.53,4.0,1.0,1.0,1.0,1.0,1.0,1.0,1.0,1.0,2.541369915008545,344.0,1.0,1.773146152496338,254.0
138,0.5256410256410257,0.53,4.0,1.0,1.0,1.0,1.0,1.0,1.0,1.0,1.0,1.4866359233856201,136.0,1.0,1.3167319297790527,130.0
139,0.5333333333333333,0.53,4.0,1.0,1.0,1.0,1.0,1.0,1.0,1.0,1.0,1.3670239448547363,20.0,1.0,1.1313128471374512,20.0
140,0.537962962962963,0.54,4.0,1.0,1.0,1.0,1.0,1.0,1.0,1.0,1.0,3.872338056564331,302.0,1.0,3.076432943344116,226.0
141,0.5403508771929825,0.54,4.0,1.0,1.0,1.0,1.0,1.0,1.0,1.0,1.0,2.9493980407714844,174.0,1.0,2.4113612174987793,130.0
142,0.5379554655870444,0.54,4.0,1.0,1.0,1.0,1.0,1.0,1.0,1.0,1.0,8.292527198791504,4317.0,1.0,8.418876886367798,2775.0
143,0.5444444444444444,0.54,4.0,1.0,1.0,1.0,1.0,1.0,1.0,1.0,1.0,1.423171043395996,150.0,1.0,1.4554071426391602,150.0
144,0.5401960784313726,0.54,4.0,1.0,1.0,1.0,1.0,1.0,1.0,1.0,1.0,2.3040688037872314,410.0,1.0,2.241096019744873,378.0
145,0.5392857142857144,0.54,4.0,1.0,1.0,1.0,1.0,1.0,1.0,1.0,1.0,1.731553077697754,312.0,1.0,1.7469632625579834,224.0
146,0.5401108269394714,0.54,4.0,0.0,1.0,1.0,1.0,1.0,1.0,0.0,1.0,23.857576847076416,12561.0,1.0,20.93845295906067,9441.0
147,0.5416666666666666,0.54,4.0,1.0,1.0,1.0,1.0,1.0,1.0,1.0,1.0,2.4183361530303955,508.0,1.0,1.8117480278015137,388.0
148,0.5384615384615385,0.54,4.0,1.0,1.0,1.0,1.0,1.0,1.0,1.0,1.0,3.454509973526001,282.0,1.0,4.123531103134155,282.0
149,0.5429864253393665,0.54,4.0,1.0,1.0,1.0,1.0,1.0,1.0,1.0,1.0,13.332406997680664,7026.0,1.0,14.26299500465393,6360.0
150,0.5466666666666666,0.55,4.0,1.0,1.0,1.0,1.0,1.0,1.0,1.0,1.0,3.8521838188171387,298.0,1.0,2.9413869380950928,276.0
151,0.5477941176470588,0.55,4.0,1.0,1.0,1.0,1.0,1.0,1.0,1.0,1.0,2.854355812072754,378.0,1.0,3.1616687774658203,366.0
152,0.5485632183908046,0.55,4.0,1.0,1.0,1.0,1.0,1.0,1.0,1.0,1.0,17.449023008346558,9273.0,1.0,14.733841896057129,7662.0
153,0.5525210084033614,0.55,4.0,1.0,1.0,1.0,1.0,0.0,1.0,1.0,1.0,2.1578481197357178,300.0,1.0,1.888451099395752,300.0
154,0.547360248447205,0.55,4.0,1.0,1.0,1.0,1.0,1.0,1.0,1.0,1.0,3.127527952194214,270.0,1.0,3.822082042694092,252.0
155,0.55,0.55,4.0,1.0,1.0,1.0,1.0,1.0,1.0,1.0,1.0,0.8657162189483643,102.0,1.0,1.2164580821990967,84.0
156,0.5546296296296296,0.55,4.0,0.0,1.0,1.0,1.0,1.0,1.0,0.0,1.0,46.47160029411316,25683.0,1.0,30.246499061584473,13896.0
157,0.5476190476190477,0.55,4.0,1.0,1.0,1.0,1.0,1.0,1.0,1.0,1.0,2.6617069244384766,300.0,1.0,1.9790289402008057,300.0
158,0.5535714285714286,0.55,4.0,1.0,1.0,1.0,1.0,1.0,1.0,1.0,1.0,16.670126914978027,8484.0,1.0,13.482645988464355,6933.0
159,0.5518031189083821,0.55,4.0,1.0,1.0,1.0,1.0,1.0,1.0,1.0,1.0,361.4990689754486,228292.0,1.0,267.0709512233734,101624.0
160,0.5631313131313131,0.56,4.0,1.0,1.0,1.0,1.0,1.0,1.0,1.0,1.0,5.032618045806885,2784.0,1.0,4.924461841583252,2748.0
161,0.5615384615384615,0.56,4.0,1.0,1.0,1.0,1.0,1.0,1.0,1.0,1.0,2.6506900787353516,156.0,1.0,2.460697889328003,156.0
162,0.557504873294347,0.56,4.0,1.0,1.0,1.0,1.0,1.0,1.0,1.0,1.0,12.162692070007324,7377.0,1.0,10.338038206100464,6945.0
163,0.5600961538461539,0.56,4.0,1.0,1.0,1.0,1.0,1.0,1.0,1.0,1.0,2.9562618732452393,298.0,1.0,2.662968873977661,298.0
164,0.5574074074074074,0.56,4.0,0.0,1.0,1.0,1.0,1.0,1.0,1.0,1.0,2.5173299312591553,272.0,1.0,2.4222960472106934,272.0
165,0.5607142857142857,0.56,4.0,1.0,1.0,1.0,1.0,1.0,1.0,1.0,1.0,1.4569289684295654,260.0,1.0,1.4395241737365723,226.0
166,0.5625,0.56,4.0,1.0,1.0,1.0,1.0,1.0,1.0,1.0,1.0,1.9575541019439697,98.0,1.0,1.8482897281646729,98.0
167,0.5637254901960784,0.56,4.0,1.0,1.0,1.0,1.0,1.0,1.0,1.0,1.0,0.7843470573425293,86.0,1.0,0.7330992221832275,86.0
168,0.5626598465473146,0.56,4.0,1.0,1.0,1.0,1.0,1.0,1.0,1.0,1.0,2.6090140342712402,426.0,1.0,2.6772491931915283,426.0
169,0.5595238095238095,0.56,4.0,1.0,1.0,1.0,1.0,1.0,1.0,1.0,1.0,2.953922748565674,682.0,1.0,2.8864331245422363,586.0
170,0.5714285714285714,0.57,4.0,1.0,1.0,1.0,1.0,1.0,1.0,1.0,1.0,2.4281411170959473,396.0,1.0,2.3747758865356445,386.0
171,0.5714285714285714,0.57,4.0,1.0,1.0,1.0,1.0,1.0,1.0,1.0,1.0,1.167539119720459,142.0,1.0,1.11848783493042,142.0
172,0.5746753246753247,0.57,4.0,1.0,1.0,1.0,1.0,1.0,1.0,1.0,1.0,3.1289560794830322,588.0,1.0,3.285978078842163,496.0
173,0.5742394179894179,0.57,4.0,1.0,1.0,1.0,1.0,1.0,1.0,1.0,1.0,4.352303981781006,1662.0,1.0,4.219563007354736,1641.0
174,0.5677339901477833,0.57,4.0,1.0,1.0,1.0,1.0,1.0,1.0,1.0,1.0,2.2409517765045166,194.0,1.0,2.2300562858581543,194.0
175,0.5733695652173914,0.57,4.0,1.0,1.0,1.0,1.0,1.0,1.0,1.0,1.0,2.2709109783172607,374.0,1.0,1.998431921005249,312.0
176,0.5729069405539994,0.57,4.0,1.0,1.0,1.0,1.0,1.0,1.0,1.0,1.0,8.157685995101929,4521.0,1.0,7.935978889465332,4017.0
177,0.5661471426177309,0.57,4.0,1.0,1.0,1.0,1.0,1.0,1.0,1.0,1.0,27.968331813812256,15912.0,1.0,24.269299030303955,14480.0
178,0.5706140350877192,0.57,4.0,1.0,1.0,1.0,1.0,1.0,1.0,1.0,1.0,4.265160083770752,1536.0,1.0,3.9176158905029297,1530.0
179,0.5714285714285714,0.57,4.0,1.0,1.0,1.0,1.0,1.0,1.0,1.0,1.0,0.6717441082000732,64.0,1.0,0.675468921661377,60.0
180,0.5833333333333334,0.58,4.0,0.0,1.0,1.0,1.0,0.0,1.0,0.0,1.0,4.166182041168213,1590.0,1.0,3.8724029064178467,1410.0
181,0.5751680672268908,0.58,4.0,1.0,1.0,1.0,1.0,1.0,1.0,1.0,1.0,19.03423309326172,13896.0,1.0,14.45179295539856,8610.0
182,0.5833333333333333,0.58,4.0,1.0,1.0,1.0,1.0,1.0,1.0,1.0,1.0,2.887547254562378,844.0,1.0,2.874171018600464,644.0
183,0.578544061302682,0.58,4.0,1.0,1.0,1.0,1.0,1.0,1.0,1.0,1.0,3.7575979232788086,894.0,1.0,3.8876922130584717,710.0
184,0.5809523809523809,0.58,4.0,1.0,1.0,1.0,1.0,1.0,1.0,1.0,1.0,1.8530189990997314,154.0,1.0,1.7638859748840332,154.0
185,0.5757575757575757,0.58,4.0,1.0,1.0,1.0,1.0,1.0,1.0,1.0,1.0,3.3459041118621826,590.0,1.0,3.095400810241699,484.0
186,0.5790513833992095,0.58,4.0,1.0,1.0,1.0,1.0,1.0,1.0,1.0,1.0,2.691866874694824,670.0,1.0,2.735253095626831,552.0
187,0.5847058823529412,0.58,4.0,1.0,1.0,1.0,1.0,1.0,1.0,1.0,1.0,2.6281232833862305,454.0,1.0,2.633474111557007,436.0
188,0.584012539184953,0.58,4.0,0.0,1.0,1.0,1.0,1.0,1.0,0.0,1.0,353.4175548553467,256688.0,1.0,311.1236238479614,195624.0
189,0.5807692307692307,0.58,4.0,1.0,1.0,1.0,1.0,1.0,1.0,1.0,1.0,2.7231040000915527,214.0,1.0,2.814472198486328,212.0
190,0.5933977455716586,0.59,4.0,1.0,1.0,1.0,1.0,1.0,1.0,1.0,1.0,3.784013032913208,634.0,1.0,3.1212260723114014,484.0
191,0.59375,0.59,4.0,1.0,1.0,1.0,1.0,1.0,1.0,1.0,1.0,1.8528211116790771,220.0,1.0,1.9892170429229736,216.0
192,0.587148652564474,0.59,4.0,1.0,1.0,1.0,1.0,1.0,1.0,1.0,1.0,5.694002151489258,3069.0,1.0,6.129968166351318,2853.0
193,0.5912698412698413,0.59,4.0,1.0,1.0,1.0,1.0,1.0,1.0,1.0,1.0,1.9994747638702393,300.0,1.0,1.992178201675415,288.0
194,0.5931677018633541,0.59,4.0,1.0,1.0,1.0,1.0,1.0,1.0,1.0,1.0,2.237483024597168,220.0,1.0,2.344069004058838,160.0
195,0.5927653820148749,0.59,4.0,1.0,1.0,1.0,1.0,1.0,1.0,1.0,1.0,11.774389028549194,9411.0,0.0,7.134795188903809,5271.0
196,0.5884782608695653,0.59,4.0,1.0,1.0,1.0,1.0,1.0,1.0,1.0,1.0,138.6069850921631,116212.0,1.0,73.65624189376831,53024.0
197,0.5933333333333333,0.59,4.0,1.0,1.0,1.0,1.0,1.0,1.0,1.0,1.0,4.796660900115967,1773.0,1.0,4.317739963531494,1773.0
198,0.591025641025641,0.59,4.0,1.0,1.0,1.0,1.0,1.0,1.0,1.0,1.0,12.097342014312744,7824.0,1.0,11.609581232070923,5724.0
199,0.5945378151260504,0.59,4.0,1.0,1.0,1.0,1.0,1.0,1.0,1.0,1.0,2.1661298274993896,160.0,1.0,2.086380958557129,160.0
200,0.6029411764705883,0.6,4.0,1.0,1.0,1.0,1.0,1.0,1.0,1.0,1.0,1.9910693168640137,484.0,1.0,2.0604050159454346,374.0
201,0.5975449775112445,0.6,4.0,0.0,1.0,1.0,1.0,1.0,1.0,1.0,1.0,13.831999778747559,7107.0,1.0,10.899573802947998,5718.0
202,0.6038961038961038,0.6,4.0,1.0,1.0,1.0,1.0,1.0,1.0,1.0,1.0,97.32036709785461,64596.0,0.0,143.35550475120544,148468.0
203,0.6011904761904762,0.6,4.0,0.0,1.0,0.0,1.0,0.0,1.0,0.0,1.0,14.022270202636719,5391.0,0.0,4.825537919998169,3819.0
204,0.5961538461538461,0.6,4.0,0.0,1.0,1.0,1.0,0.0,1.0,0.0,1.0,3.6299991607666016,692.0,0.0,2.849275827407837,666.0
205,0.5952380952380952,0.6,4.0,1.0,1.0,1.0,1.0,1.0,1.0,1.0,1.0,3.3657119274139404,334.0,1.0,3.082993984222412,334.0
206,0.598978288633461,0.6,4.0,1.0,1.0,1.0,1.0,1.0,1.0,1.0,1.0,428.29171872138977,347488.0,1.0,323.02117896080017,176340.0
207,0.6007246376811595,0.6,4.0,1.0,1.0,1.0,1.0,1.0,1.0,1.0,1.0,21.21880006790161,13494.0,1.0,18.326799154281616,12816.0
208,0.604090354090354,0.6,4.0,1.0,1.0,1.0,1.0,1.0,1.0,1.0,1.0,4.78365683555603,2598.0,1.0,3.711470127105713,1701.0
209,0.5989304812834224,0.6,4.0,1.0,1.0,1.0,1.0,1.0,1.0,1.0,1.0,2.3600220680236816,430.0,1.0,2.450437068939209,386.0
210,0.6111111111111112,0.61,4.0,0.0,1.0,1.0,1.0,1.0,1.0,1.0,1.0,2.435465097427368,252.0,1.0,2.6490068435668945,252.0
211,0.6130952380952381,0.61,4.0,1.0,1.0,1.0,1.0,0.0,1.0,1.0,1.0,1.3144950866699219,266.0,1.0,1.2688908576965332,214.0
212,0.611111111111111,0.61,4.0,1.0,1.0,1.0,1.0,1.0,1.0,1.0,1.0,2.5556812286376953,570.0,1.0,2.8230063915252686,460.0
213,0.6086956521739131,0.61,4.0,1.0,1.0,1.0,1.0,1.0,1.0,1.0,1.0,2.0982589721679688,372.0,1.0,1.8576350212097168,346.0
214,0.6135632183908045,0.61,4.0,0.0,1.0,1.0,1.0,0.0,1.0,0.0,1.0,32.51785492897034,14184.0,1.0,30.24860429763794,9516.0
215,0.613095238095238,0.61,4.0,1.0,1.0,1.0,1.0,0.0,1.0,1.0,1.0,2.8152692317962646,184.0,1.0,2.7179999351501465,184.0
216,0.6130268199233716,0.61,4.0,1.0,1.0,1.0,1.0,1.0,1.0,1.0,1.0,2.212453842163086,408.0,1.0,1.9538910388946533,408.0
217,0.6079854809437386,0.61,4.0,1.0,1.0,1.0,1.0,1.0,1.0,1.0,1.0,3.3331258296966553,604.0,1.0,3.121829032897949,578.0
218,0.6088888888888889,0.61,4.0,1.0,1.0,1.0,1.0,1.0,1.0,1.0,1.0,8.293351173400879,5517.0,1.0,8.343251943588257,4170.0
219,0.6149068322981366,0.61,4.0,1.0,1.0,1.0,1.0,0.0,1.0,1.0,1.0,2.243292808532715,238.0,1.0,2.2344350814819336,168.0
220,0.6203703703703703,0.62,4.0,0.0,1.0,0.0,1.0,0.0,1.0,0.0,1.0,4.928371906280518,1308.0,0.0,3.08622407913208,846.0
221,0.6229166666666667,0.62,4.0,0.0,1.0,1.0,1.0,0.0,1.0,0.0,1.0,55.60520887374878,36604.0,1.0,45.95296096801758,28164.0
222,0.6212500000000001,0.62,4.0,1.0,1.0,1.0,1.0,0.0,1.0,1.0,1.0,3.000959873199463,454.0,1.0,2.7144410610198975,454.0
223,0.6233333333333333,0.62,4.0,1.0,1.0,1.0,1.0,0.0,1.0,1.0,1.0,2.7417750358581543,220.0,1.0,2.7523820400238037,210.0
224,0.6184210526315789,0.62,4.0,1.0,1.0,1.0,1.0,1.0,1.0,1.0,1.0,7.121307849884033,4044.0,1.0,5.9572389125823975,2952.0
225,0.625,0.62,4.0,1.0,1.0,1.0,1.0,0.0,1.0,1.0,1.0,1.7879159450531006,194.0,1.0,1.8126490116119385,176.0
226,0.6222222222222222,0.62,4.0,1.0,1.0,1.0,1.0,0.0,1.0,1.0,1.0,0.9320781230926514,84.0,1.0,1.0899829864501953,84.0
227,0.615,0.62,4.0,0.0,1.0,1.0,1.0,0.0,1.0,1.0,1.0,2.4335079193115234,732.0,1.0,2.8306539058685303,720.0
228,0.6166666666666667,0.62,4.0,1.0,1.0,1.0,1.0,1.0,1.0,1.0,1.0,4.2934250831604,1161.0,1.0,4.006486892700195,1161.0
229,0.6182065217391304,0.62,4.0,1.0,1.0,1.0,1.0,0.0,1.0,1.0,1.0,1.6675927639007568,188.0,1.0,1.6674878597259521,188.0
230,0.6330128205128205,0.63,4.0,0.0,1.0,1.0,1.0,0.0,1.0,0.0,1.0,54.17036533355713,35836.0,1.0,47.06774091720581,27220.0
231,0.6273809523809524,0.63,4.0,1.0,1.0,1.0,1.0,0.0,1.0,1.0,1.0,4.957912921905518,3039.0,1.0,4.676783084869385,2373.0
232,0.625,0.63,4.0,1.0,1.0,1.0,1.0,0.0,1.0,1.0,1.0,2.8734960556030273,326.0,1.0,2.6096181869506836,222.0
233,0.625,0.63,4.0,1.0,1.0,1.0,1.0,1.0,1.0,1.0,1.0,1.4592440128326416,280.0,1.0,1.4811029434204102,224.0
234,0.6274509803921569,0.63,4.0,1.0,1.0,1.0,1.0,0.0,1.0,1.0,1.0,1.4225318431854248,318.0,1.0,1.4913928508758545,246.0
235,0.6253426171529619,0.63,4.0,1.0,1.0,1.0,1.0,0.0,1.0,1.0,1.0,92.39769983291626,53840.0,1.0,66.92036700248718,28904.0
236,0.6292906178489702,0.63,4.0,1.0,1.0,0.0,1.0,0.0,1.0,1.0,1.0,3.08990478515625,652.0,1.0,2.9711592197418213,634.0
237,0.6263157894736842,0.63,4.0,1.0,1.0,1.0,1.0,0.0,1.0,1.0,1.0,2.3872528076171875,230.0,1.0,2.2247440814971924,196.0
238,0.6335978835978836,0.63,4.0,1.0,1.0,1.0,1.0,0.0,1.0,1.0,1.0,2.5602149963378906,656.0,1.0,2.5932388305664062,536.0
239,0.6258333333333334,0.63,4.0,1.0,1.0,1.0,1.0,0.0,1.0,1.0,1.0,2.953122138977051,620.0,1.0,3.2529327869415283,538.0
240,0.6428571428571428,0.64,4.0,1.0,1.0,1.0,1.0,0.0,1.0,1.0,1.0,2.188913106918335,272.0,1.0,2.288443088531494,236.0
241,0.6404843304843304,0.64,4.0,1.0,1.0,1.0,1.0,0.0,1.0,1.0,1.0,15.621157884597778,12954.0,1.0,15.569167137145996,9171.0
242,0.6428571428571428,0.64,4.0,0.0,1.0,1.0,1.0,0.0,1.0,1.0,1.0,2.815845251083374,360.0,1.0,2.9478490352630615,360.0
243,0.6388888888888888,0.64,4.0,1.0,1.0,1.0,1.0,0.0,1.0,1.0,1.0,2.099496841430664,428.0,1.0,2.1828489303588867,374.0
244,0.6354166666666667,0.64,4.0,1.0,1.0,1.0,1.0,0.0,1.0,1.0,1.0,2.578705072402954,438.0,1.0,2.401819944381714,398.0
245,0.6388888888888888,0.64,4.0,1.0,1.0,1.0,1.0,0.0,1.0,1.0,1.0,2.7866690158843994,334.0,1.0,2.641083002090454,334.0
246,0.6437246963562753,0.64,4.0,1.0,1.0,1.0,1.0,0.0,1.0,1.0,1.0,3.374669075012207,1221.0,1.0,3.2589540481567383,1125.0
247,0.6434837092731829,0.64,4.0,1.0,1.0,1.0,1.0,0.0,1.0,1.0,1.0,5.850750207901001,2106.0,1.0,5.248190879821777,2106.0
248,0.6376262626262625,0.64,4.0,1.0,1.0,1.0,1.0,0.0,1.0,1.0,1.0,7.250629186630249,3720.0,1.0,7.8958420753479,2547.0
249,0.642512077294686,0.64,4.0,1.0,1.0,1.0,1.0,0.0,1.0,1.0,1.0,3.8690738677978516,224.0,1.0,2.385826826095581,190.0
250,0.6454545454545455,0.65,4.0,1.0,1.0,0.0,1.0,0.0,1.0,1.0,1.0,2.780679941177368,642.0,0.0,1.5028960704803467,486.0
251,0.6454545454545455,0.65,4.0,1.0,1.0,1.0,1.0,0.0,1.0,1.0,1.0,2.7399117946624756,754.0,1.0,2.785270929336548,574.0
252,0.6462962962962963,0.65,4.0,0.0,1.0,0.0,1.0,0.0,1.0,0.0,1.0,4.618837118148804,942.0,0.0,2.922714948654175,888.0
253,0.6496655518394648,0.65,4.0,1.0,1.0,1.0,1.0,0.0,1.0,1.0,1.0,2.5827889442443848,302.0,1.0,2.9190919399261475,302.0
254,0.6514423076923077,0.65,4.0,1.0,1.0,1.0,1.0,0.0,1.0,1.0,1.0,2.505500316619873,248.0,1.0,2.6544032096862793,248.0
255,0.654064039408867,0.65,4.0,1.0,1.0,1.0,1.0,0.0,1.0,1.0,1.0,163.1624960899353,75140.0,1.0,120.86348390579224,36400.0
256,0.6496153846153846,0.65,4.0,1.0,1.0,1.0,1.0,0.0,1.0,1.0,1.0,45.66492319107056,25836.0,1.0,30.56309700012207,13818.0
257,0.6548582995951417,0.65,4.0,0.0,1.0,1.0,1.0,0.0,1.0,0.0,1.0,5.975538015365601,930.0,1.0,5.690871953964233,712.0
258,0.6547619047619048,0.65,4.0,1.0,1.0,1.0,1.0,0.0,1.0,1.0,1.0,4.245892763137817,794.0,1.0,3.6801698207855225,626.0
259,0.654891304347826,0.65,4.0,1.0,1.0,1.0,1.0,0.0,1.0,1.0,1.0,2.9036481380462646,394.0,1.0,2.3210787773132324,360.0
260,0.6618639980708947,0.66,4.0,1.0,1.0,1.0,1.0,0.0,1.0,1.0,1.0,12.508790969848633,4614.0,1.0,10.496467113494873,3096.0
261,0.6599999999999999,0.66,4.0,1.0,1.0,1.0,1.0,0.0,1.0,1.0,1.0,9.751365900039673,2265.0,1.0,10.85818600654602,2223.0
262,0.6619047619047619,0.66,4.0,1.0,1.0,1.0,1.0,0.0,1.0,1.0,1.0,2.2171339988708496,316.0,1.0,2.0033369064331055,270.0
263,0.6627492877492878,0.66,4.0,1.0,1.0,1.0,1.0,0.0,1.0,1.0,1.0,296.26661705970764,218056.0,1.0,157.30728125572205,81412.0
264,0.6582512315270936,0.66,4.0,1.0,1.0,1.0,1.0,0.0,1.0,1.0,1.0,4.61086106300354,760.0,1.0,4.778225898742676,644.0
265,0.6571112710818593,0.66,4.0,1.0,1.0,1.0,1.0,0.0,1.0,1.0,1.0,57.06463289260864,27672.0,1.0,54.31107783317566,27376.0
266,0.6625000000000001,0.66,4.0,1.0,1.0,1.0,1.0,0.0,1.0,1.0,1.0,2.34657621383667,162.0,1.0,2.5217061042785645,162.0
267,0.6642857142857144,0.66,4.0,1.0,1.0,1.0,1.0,0.0,1.0,1.0,1.0,4.862462043762207,1072.0,1.0,5.532918930053711,906.0
268,0.663003663003663,0.66,4.0,0.0,1.0,1.0,1.0,0.0,1.0,0.0,1.0,14.518388986587524,4245.0,1.0,12.148585081100464,2637.0
269,0.6558823529411765,0.66,4.0,0.0,1.0,1.0,1.0,0.0,1.0,1.0,1.0,21.494683027267456,11469.0,1.0,22.394779920578003,8703.0
270,0.6725490196078432,0.67,4.0,1.0,1.0,1.0,1.0,0.0,1.0,1.0,1.0,2.318786859512329,338.0,1.0,2.116793155670166,296.0
271,0.6730523627075351,0.67,4.0,1.0,1.0,0.0,1.0,0.0,1.0,1.0,1.0,5.448553800582886,1232.0,1.0,6.079607963562012,1160.0
272,0.6732456140350878,0.67,4.0,1.0,1.0,1.0,1.0,0.0,1.0,1.0,1.0,2.088042974472046,182.0,1.0,2.393357038497925,112.0
273,0.666083916083916,0.67,4.0,1.0,1.0,1.0,1.0,0.0,1.0,1.0,1.0,4.667852878570557,712.0,1.0,3.666175365447998,614.0
274,0.6724137931034483,0.67,4.0,1.0,1.0,1.0,1.0,0.0,1.0,1.0,1.0,4.186478853225708,594.0,1.0,4.17270302772522,558.0
275,0.673076923076923,0.67,4.0,1.0,1.0,1.0,1.0,0.0,1.0,1.0,1.0,10.356054067611694,4017.0,1.0,10.67920994758606,2598.0
276,0.6697402597402597,0.67,4.0,0.0,1.0,0.0,0.0,0.0,1.0,0.0,1.0,32.28129816055298,16122.0,0.0,12.517820835113525,9408.0
277,0.6742424242424242,0.67,4.0,1.0,1.0,0.0,1.0,0.0,1.0,1.0,1.0,1.9488778114318848,314.0,0.0,1.4140069484710693,244.0
278,0.6722222222222223,0.67,4.0,0.0,1.0,0.0,1.0,0.0,1.0,0.0,1.0,2.3200180530548096,176.0,1.0,1.977018117904663,176.0
279,0.6731032125768968,0.67,4.0,0.0,1.0,0.0,0.0,0.0,1.0,0.0,1.0,13.72618293762207,8136.0,0.0,5.118633985519409,3585.0
280,0.6833333333333333,0.68,4.0,1.0,1.0,1.0,1.0,0.0,1.0,1.0,1.0,1.8361670970916748,154.0,1.0,1.408323049545288,154.0
281,0.6790890269151139,0.68,4.0,0.0,1.0,0.0,0.0,0.0,1.0,0.0,1.0,39.98677682876587,20382.0,0.0,20.639547109603882,15408.0
282,0.682601880877743,0.68,4.0,1.0,1.0,1.0,1.0,0.0,1.0,1.0,1.0,3.9000768661499023,576.0,1.0,3.82011079788208,462.0
283,0.6758241758241759,0.68,4.0,1.0,1.0,0.0,1.0,0.0,1.0,1.0,1.0,1.6924512386322021,208.0,0.0,0.5390899181365967,146.0
284,0.6759259259259259,0.68,4.0,1.0,1.0,1.0,1.0,0.0,1.0,1.0,1.0,4.419958114624023,912.0,1.0,4.036802053451538,742.0
285,0.6759259259259259,0.68,4.0,1.0,1.0,1.0,1.0,0.0,1.0,1.0,1.0,4.253245830535889,1064.0,1.0,5.0344460010528564,844.0
286,0.6765820386510042,0.68,4.0,1.0,1.0,0.0,1.0,0.0,1.0,1.0,1.0,36.19488215446472,20508.0,1.0,19.171626091003418,11256.0
287,0.68,0.68,4.0,0.0,1.0,1.0,1.0,0.0,1.0,0.0,1.0,8.559667348861694,1184.0,1.0,8.252615928649902,874.0
288,0.6759259259259259,0.68,4.0,1.0,1.0,1.0,1.0,0.0,1.0,1.0,1.0,3.468456745147705,448.0,1.0,4.015716075897217,440.0
289,0.6845238095238095,0.68,4.0,1.0,1.0,0.0,1.0,0.0,1.0,1.0,1.0,2.9735360145568848,548.0,0.0,1.2041418552398682,246.0
290,0.6920289855072463,0.69,4.0,1.0,1.0,0.0,1.0,0.0,1.0,1.0,1.0,22.000126123428345,12585.0,1.0,14.08345913887024,9492.0
291,0.6875,0.69,4.0,0.0,1.0,1.0,1.0,0.0,1.0,1.0,1.0,3.8921878337860107,368.0,1.0,3.925539016723633,406.0
292,0.6893382352941178,0.69,4.0,1.0,1.0,0.0,1.0,0.0,1.0,1.0,1.0,2.777658224105835,376.0,1.0,2.9108569622039795,390.0
293,0.6891447368421053,0.69,4.0,1.0,1.0,1.0,1.0,0.0,1.0,1.0,1.0,2.5399770736694336,306.0,1.0,2.762403964996338,296.0
294,0.6864316239316239,0.69,4.0,1.0,1.0,1.0,1.0,0.0,1.0,1.0,1.0,9.89485216140747,4647.0,1.0,8.783544778823853,3888.0
295,0.6896135265700483,0.69,4.0,0.0,1.0,0.0,1.0,0.0,1.0,0.0,1.0,20.505901098251343,9372.0,1.0,16.92071294784546,10530.0
296,0.6927777777777777,0.69,4.0,1.0,1.0,1.0,1.0,0.0,1.0,1.0,1.0,17.26137900352478,8811.0,1.0,8.913510799407959,3972.0
297,0.6934129089301504,0.69,4.0,0.0,1.0,0.0,1.0,0.0,1.0,0.0,1.0,24.074384927749634,12972.0,0.0,13.881086349487305,11109.0
298,0.6867954911433172,0.69,4.0,1.0,1.0,0.0,1.0,0.0,1.0,1.0,1.0,5.948854684829712,864.0,1.0,4.932114124298096,856.0
299,0.6904761904761905,0.69,4.0,1.0,1.0,0.0,1.0,0.0,1.0,1.0,1.0,5.618592023849487,888.0,1.0,4.961937189102173,804.0
300,0.6991925465838509,0.7,4.0,1.0,1.0,1.0,1.0,0.0,1.0,1.0,1.0,14.435760736465454,8586.0,1.0,13.306350231170654,6999.0
301,0.7034603327706777,0.7,4.0,0.0,1.0,0.0,1.0,0.0,1.0,0.0,1.0,796.0227439403534,477100.0,0.0,280.70040702819824,288904.0
302,0.6964285714285714,0.7,4.0,1.0,1.0,0.0,1.0,0.0,1.0,1.0,1.0,9.632264852523804,5094.0,1.0,7.188989877700806,3048.0
303,0.700228832951945,0.7,4.0,1.0,1.0,0.0,1.0,0.0,1.0,1.0,1.0,2.5283761024475098,398.0,0.0,0.789621114730835,190.0
304,0.6987179487179487,0.7,4.0,0.0,1.0,0.0,1.0,0.0,1.0,0.0,1.0,2.9956839084625244,502.0,1.0,2.954730749130249,502.0
305,0.7048611111111112,0.7,4.0,1.0,1.0,1.0,1.0,0.0,1.0,1.0,1.0,2.0183749198913574,338.0,1.0,1.629678726196289,266.0
306,0.6996021220159151,0.7,4.0,1.0,1.0,1.0,1.0,0.0,1.0,1.0,1.0,4.3611109256744385,652.0,1.0,4.172837972640991,616.0
307,0.7025691699604744,0.7,4.0,1.0,1.0,1.0,1.0,0.0,1.0,1.0,1.0,3.496277093887329,392.0,1.0,3.0480048656463623,392.0
308,0.6971402691511388,0.7,4.0,0.0,1.0,1.0,1.0,0.0,1.0,0.0,1.0,12.367560863494873,7635.0,1.0,10.526173114776611,5100.0
309,0.7037037037037037,0.7,4.0,1.0,1.0,1.0,1.0,0.0,1.0,1.0,1.0,4.867971897125244,944.0,1.0,4.734050035476685,768.0
310,0.712962962962963,0.71,4.0,0.0,1.0,0.0,0.0,0.0,1.0,0.0,1.0,35.05932307243347,12330.0,0.0,6.552957057952881,4977.0
311,0.712962962962963,0.71,4.0,1.0,1.0,1.0,1.0,0.0,1.0,1.0,1.0,3.556673049926758,526.0,1.0,3.515111207962036,464.0
312,0.7066666666666667,0.71,4.0,0.0,1.0,1.0,1.0,0.0,1.0,1.0,1.0,3.230365753173828,444.0,1.0,3.0097339153289795,428.0
313,0.7104978354978355,0.71,4.0,1.0,1.0,1.0,1.0,0.0,1.0,1.0,1.0,18.74273920059204,11301.0,1.0,15.718976020812988,8940.0
314,0.7119938884644768,0.71,4.0,1.0,1.0,1.0,1.0,0.0,1.0,1.0,1.0,6.070846796035767,2520.0,1.0,6.107314825057983,2529.0
315,0.7083333333333334,0.71,4.0,1.0,1.0,0.0,1.0,0.0,1.0,1.0,1.0,2.2239229679107666,378.0,0.0,0.7494230270385742,184.0
316,0.7119047619047619,0.71,4.0,1.0,1.0,1.0,1.0,0.0,1.0,1.0,1.0,3.8044779300689697,538.0,1.0,3.4311161041259766,416.0
317,0.7076719576719577,0.71,4.0,1.0,1.0,0.0,1.0,0.0,1.0,1.0,1.0,35.29680609703064,23793.0,1.0,31.294437170028687,18861.0
318,0.7095238095238094,0.71,4.0,1.0,1.0,1.0,1.0,0.0,1.0,1.0,1.0,2.375239849090576,338.0,1.0,2.102375030517578,338.0
319,0.7138888888888889,0.71,4.0,1.0,1.0,0.0,1.0,0.0,1.0,1.0,1.0,2.1900832653045654,338.0,1.0,2.349277973175049,372.0
320,0.724561403508772,0.72,4.0,1.0,1.0,1.0,1.0,0.0,1.0,1.0,1.0,8.416879177093506,5631.0,1.0,8.856122255325317,4329.0
321,0.7165217391304348,0.72,4.0,1.0,1.0,0.0,1.0,0.0,1.0,1.0,1.0,3.601154088973999,1014.0,0.0,1.4009339809417725,570.0
322,0.7222222222222222,0.72,4.0,1.0,1.0,1.0,1.0,0.0,1.0,1.0,1.0,4.050418853759766,964.0,1.0,3.680544137954712,724.0
323,0.7222222222222222,0.72,4.0,1.0,1.0,1.0,1.0,0.0,1.0,1.0,1.0,46.063984870910645,29316.0,1.0,39.476133823394775,16791.0
324,0.7243589743589745,0.72,4.0,1.0,1.0,1.0,1.0,0.0,1.0,1.0,1.0,4.374443769454956,642.0,1.0,3.859534740447998,488.0
325,0.717391304347826,0.72,4.0,1.0,1.0,1.0,1.0,0.0,1.0,1.0,1.0,2.1939711570739746,354.0,1.0,2.646615982055664,354.0
326,0.7153846153846154,0.72,4.0,1.0,1.0,1.0,1.0,0.0,1.0,1.0,1.0,1.7520430088043213,126.0,1.0,1.5626492500305176,126.0
327,0.71875,0.72,4.0,1.0,1.0,1.0,1.0,0.0,1.0,1.0,1.0,2.2958781719207764,182.0,1.0,1.7933082580566406,182.0
328,0.7159090909090909,0.72,4.0,1.0,1.0,1.0,1.0,0.0,1.0,1.0,1.0,1.021683931350708,42.0,1.0,1.245330810546875,42.0
329,0.715034965034965,0.72,4.0,0.0,1.0,0.0,1.0,0.0,1.0,0.0,1.0,3.1281371116638184,404.0,0.0,1.705688714981079,358.0
330,0.7277777777777779,0.73,4.0,1.0,1.0,1.0,1.0,0.0,1.0,1.0,1.0,4.604017972946167,756.0,1.0,4.0814831256866455,712.0
331,0.7281144781144782,0.73,4.0,1.0,1.0,0.0,1.0,0.0,1.0,1.0,1.0,22.60422134399414,13638.0,1.0,19.860987901687622,14184.0
332,0.7321428571428572,0.73,4.0,0.0,0.0,0.0,0.0,0.0,0.0,0.0,0.0,1.9859981536865234,544.0,0.0,1.3932490348815918,434.0
333,0.7345238095238096,0.73,4.0,1.0,1.0,0.0,1.0,0.0,1.0,1.0,1.0,5.1807310581207275,1378.0,0.0,2.0079259872436523,664.0
334,0.7297619047619048,0.73,4.0,1.0,1.0,1.0,1.0,0.0,1.0,1.0,1.0,3.052299976348877,410.0,1.0,4.162876129150391,410.0
335,0.726923076923077,0.73,4.0,0.0,1.0,0.0,1.0,0.0,1.0,0.0,1.0,3.8184051513671875,364.0,1.0,3.805384397506714,398.0
336,0.7252677080263287,0.73,4.0,1.0,1.0,1.0,1.0,0.0,1.0,1.0,1.0,16.784804105758667,10125.0,1.0,17.358285188674927,8475.0
337,0.7340686274509804,0.73,4.0,1.0,1.0,1.0,1.0,0.0,1.0,1.0,1.0,15.064980030059814,9315.0,1.0,10.62373399734497,4854.0
338,0.7310344827586207,0.73,4.0,0.0,1.0,0.0,0.0,0.0,1.0,0.0,1.0,7.02988600730896,1446.0,0.0,3.5818259716033936,990.0
339,0.7320261437908497,0.73,4.0,1.0,1.0,0.0,1.0,0.0,1.0,1.0,1.0,3.2787890434265137,584.0,1.0,3.6849160194396973,480.0
340,0.7380952380952381,0.74,4.0,1.0,1.0,0.0,1.0,0.0,1.0,1.0,1.0,3.418809175491333,546.0,1.0,2.4876232147216797,452.0
341,0.7414287352367848,0.74,4.0,0.0,1.0,0.0,1.0,0.0,1.0,0.0,1.0,19.90264105796814,11631.0,0.0,8.115381956100464,7512.0
342,0.7422438672438673,0.74,4.0,1.0,1.0,0.0,1.0,0.0,1.0,1.0,1.0,14.00796914100647,8712.0,0.0,3.79512095451355,3729.0
343,0.73842123056119,0.74,4.0,1.0,1.0,0.0,1.0,0.0,1.0,1.0,1.0,11.64820909500122,6834.0,0.0,1.78432297706604,1542.0
344,0.7357142857142858,0.74,4.0,1.0,1.0,0.0,1.0,0.0,1.0,1.0,1.0,1.7469089031219482,220.0,1.0,1.7254908084869385,192.0
345,0.7362068965517241,0.74,4.0,0.0,1.0,0.0,0.0,0.0,1.0,1.0,1.0,16.005729913711548,13302.0,0.0,9.435259103775024,8988.0
346,0.7380952380952381,0.74,4.0,0.0,1.0,0.0,0.0,0.0,1.0,0.0,1.0,1.9856350421905518,376.0,0.0,1.2823379039764404,328.0
347,0.741280458671763,0.74,4.0,1.0,1.0,0.0,0.0,0.0,1.0,1.0,1.0,10.968572854995728,7824.0,0.0,7.393610000610352,5370.0
348,0.7407407407407407,0.74,4.0,1.0,1.0,0.0,1.0,0.0,1.0,1.0,1.0,2.8779969215393066,762.0,0.0,0.8506739139556885,300.0
349,0.7401346801346801,0.74,4.0,1.0,1.0,0.0,1.0,0.0,1.0,1.0,1.0,5.981557846069336,2874.0,1.0,5.597907066345215,2973.0
350,0.75,0.75,4.0,0.0,1.0,1.0,1.0,0.0,1.0,0.0,1.0,3.063169002532959,670.0,1.0,3.75642991065979,518.0
351,0.7520242914979757,0.75,4.0,1.0,1.0,0.0,1.0,0.0,1.0,1.0,1.0,3.225180149078369,396.0,1.0,2.7156128883361816,336.0
352,0.7485632183908046,0.75,4.0,0.0,1.0,0.0,1.0,0.0,1.0,0.0,1.0,21.35818910598755,17772.0,0.0,8.80780291557312,7938.0
353,0.75,0.75,4.0,1.0,1.0,0.0,1.0,0.0,1.0,1.0,1.0,3.40830397605896,710.0,1.0,3.172560930252075,652.0
354,0.7452380952380953,0.75,4.0,1.0,1.0,0.0,1.0,0.0,1.0,1.0,1.0,3.402327060699463,402.0,1.0,3.049161911010742,246.0
355,0.75,0.75,4.0,1.0,1.0,0.0,0.0,0.0,1.0,1.0,1.0,1.4723219871520996,318.0,0.0,0.6100442409515381,104.0
356,0.7470760233918129,0.75,4.0,1.0,1.0,1.0,1.0,0.0,1.0,1.0,1.0,2.309922933578491,280.0,1.0,2.1829991340637207,266.0
357,0.7501803751803751,0.75,4.0,1.0,1.0,1.0,1.0,0.0,1.0,1.0,1.0,10.333781003952026,7191.0,1.0,5.902736186981201,2859.0
358,0.7456896551724138,0.75,4.0,1.0,1.0,1.0,1.0,0.0,1.0,1.0,1.0,2.5781748294830322,526.0,1.0,2.6044230461120605,526.0
359,0.7503192848020435,0.75,4.0,1.0,1.0,0.0,1.0,0.0,1.0,1.0,1.0,3.5515310764312744,716.0,0.0,0.5393288135528564,152.0
360,0.7555555555555555,0.76,4.0,0.0,1.0,0.0,1.0,0.0,1.0,0.0,1.0,21.50829792022705,14952.0,0.0,9.725184202194214,7695.0
361,0.7616758241758241,0.76,4.0,0.0,1.0,0.0,1.0,0.0,1.0,0.0,1.0,5.264825820922852,2742.0,0.0,2.2154030799865723,1431.0
362,0.7582846003898636,0.76,4.0,1.0,1.0,0.0,1.0,0.0,1.0,1.0,1.0,2.2028720378875732,302.0,0.0,0.30167198181152344,44.0
363,0.7567049808429118,0.76,4.0,1.0,1.0,0.0,1.0,0.0,1.0,1.0,1.0,5.2513251304626465,1450.0,1.0,4.68313193321228,1282.0
364,0.7589285714285714,0.76,4.0,0.0,1.0,1.0,1.0,0.0,1.0,1.0,1.0,3.211561918258667,460.0,1.0,2.9386911392211914,260.0
365,0.7630288391157956,0.76,4.0,1.0,1.0,0.0,1.0,0.0,1.0,1.0,1.0,17.078734874725342,12750.0,1.0,7.48202919960022,4968.0
366,0.7568181818181818,0.76,4.0,1.0,1.0,0.0,1.0,0.0,1.0,1.0,1.0,9.100293159484863,7521.0,0.0,4.321798801422119,3921.0
367,0.7637566137566137,0.76,4.0,0.0,1.0,0.0,0.0,0.0,1.0,0.0,1.0,16.690439224243164,12081.0,0.0,7.685291767120361,6993.0
368,0.7628060969515242,0.76,4.0,1.0,1.0,1.0,1.0,0.0,1.0,1.0,1.0,14.518694162368774,9081.0,1.0,13.291118860244751,8592.0
369,0.7625,0.76,4.0,1.0,1.0,1.0,1.0,0.0,1.0,1.0,1.0,4.448613882064819,1090.0,1.0,4.3473029136657715,872.0
370,0.76875,0.77,4.0,0.0,1.0,0.0,0.0,0.0,1.0,0.0,1.0,34.204588174819946,24702.0,0.0,4.102621078491211,4005.0
371,0.7693236714975846,0.77,4.0,1.0,1.0,0.0,1.0,0.0,1.0,1.0,1.0,2.827692985534668,518.0,1.0,2.745476245880127,456.0
372,0.7741379310344827,0.77,4.0,1.0,1.0,0.0,0.0,0.0,1.0,1.0,1.0,4.960837125778198,1442.0,0.0,1.2924880981445312,490.0
373,0.765,0.77,4.0,1.0,1.0,1.0,1.0,0.0,1.0,1.0,1.0,3.7314581871032715,874.0,1.0,3.78377103805542,720.0
374,0.7731410256410256,0.77,4.0,0.0,1.0,0.0,1.0,0.0,1.0,0.0,1.0,47.92812705039978,46920.0,1.0,44.112502098083496,41000.0
375,0.767824074074074,0.77,4.0,1.0,1.0,1.0,1.0,0.0,1.0,1.0,1.0,10.920207738876343,7695.0,1.0,8.561232805252075,4119.0
376,0.7686335403726708,0.77,4.0,0.0,1.0,0.0,0.0,0.0,0.0,0.0,1.0,4.6809327602386475,930.0,0.0,0.7929320335388184,178.0
377,0.7661637931034483,0.77,4.0,1.0,1.0,0.0,1.0,0.0,1.0,1.0,1.0,2.7453417778015137,788.0,0.0,0.6867198944091797,214.0
378,0.7680921052631579,0.77,4.0,1.0,1.0,1.0,1.0,0.0,1.0,1.0,1.0,1.4737598896026611,282.0,1.0,1.3224787712097168,202.0
379,0.7727873977873978,0.77,4.0,1.0,1.0,0.0,1.0,0.0,1.0,1.0,1.0,18.48128581047058,13644.0,0.0,2.4802780151367188,2310.0
380,0.7842105263157895,0.78,4.0,1.0,1.0,1.0,1.0,0.0,1.0,1.0,1.0,1.6528959274291992,340.0,1.0,1.5362470149993896,336.0
381,0.7799145299145299,0.78,4.0,0.0,1.0,0.0,0.0,0.0,1.0,0.0,1.0,3.3855040073394775,828.0,0.0,2.0990519523620605,712.0
382,0.7765567765567765,0.78,4.0,0.0,1.0,0.0,0.0,0.0,1.0,0.0,1.0,8.871020078659058,1696.0,0.0,2.866503953933716,960.0
383,0.7806896551724138,0.78,4.0,1.0,1.0,0.0,1.0,0.0,1.0,1.0,1.0,4.312937021255493,986.0,0.0,0.8020288944244385,246.0
384,0.7841614906832298,0.78,4.0,0.0,1.0,0.0,1.0,0.0,1.0,0.0,1.0,5.902234077453613,3615.0,1.0,5.780798435211182,3093.0
385,0.7818181818181819,0.78,4.0,0.0,1.0,1.0,1.0,0.0,1.0,0.0,1.0,2.7622416019439697,444.0,1.0,2.538170099258423,300.0
386,0.7844827586206897,0.78,4.0,0.0,1.0,0.0,0.0,0.0,1.0,0.0,1.0,29.302453994750977,22149.0,0.0,20.338533878326416,13101.0
387,0.7821428571428571,0.78,4.0,0.0,0.0,0.0,0.0,0.0,1.0,0.0,0.0,8.347329139709473,2296.0,0.0,3.005262851715088,916.0
388,0.7844827586206897,0.78,4.0,1.0,1.0,0.0,1.0,0.0,1.0,1.0,1.0,2.8322229385375977,328.0,0.0,0.18338298797607422,24.0
389,0.7812233589087809,0.78,4.0,1.0,1.0,1.0,1.0,0.0,1.0,1.0,1.0,3.9788999557495117,1986.0,1.0,4.154834985733032,1986.0
390,0.7872268907563025,0.79,4.0,0.0,1.0,0.0,0.0,0.0,1.0,0.0,1.0,17.656439065933228,12324.0,0.0,9.331851959228516,9363.0
391,0.7894736842105263,0.79,4.0,1.0,1.0,0.0,0.0,0.0,1.0,1.0,1.0,2.8598992824554443,794.0,0.0,1.0231292247772217,318.0
392,0.7929292929292928,0.79,4.0,0.0,1.0,0.0,0.0,0.0,0.0,0.0,1.0,2.329220771789551,298.0,0.0,0.8290698528289795,112.0
393,0.7896650717703348,0.79,4.0,1.0,1.0,0.0,0.0,0.0,0.0,1.0,1.0,7.080595016479492,4071.0,0.0,0.4781370162963867,291.0
394,0.7911877394636015,0.79,4.0,1.0,1.0,1.0,1.0,0.0,1.0,1.0,1.0,1.3709418773651123,264.0,1.0,1.4836621284484863,264.0
395,0.7894863756932722,0.79,4.0,0.0,1.0,0.0,0.0,0.0,1.0,0.0,1.0,668.3941323757172,338652.0,0.0,45.99671769142151,61344.0
396,0.7884615384615385,0.79,4.0,1.0,1.0,1.0,1.0,0.0,1.0,1.0,1.0,2.9113500118255615,398.0,1.0,2.835303783416748,398.0
397,0.7875000000000001,0.79,4.0,1.0,1.0,1.0,1.0,0.0,1.0,1.0,1.0,2.5088679790496826,384.0,1.0,2.367889881134033,282.0
398,0.7906698564593302,0.79,4.0,1.0,1.0,0.0,1.0,0.0,1.0,1.0,1.0,2.705209732055664,520.0,0.0,0.5555579662322998,142.0
399,0.7933135704874834,0.79,4.0,0.0,1.0,0.0,0.0,0.0,1.0,0.0,1.0,536.8124179840088,261068.0,0.0,201.0259130001068,210012.0
400,0.8015151515151515,0.8,4.0,0.0,1.0,0.0,0.0,0.0,0.0,0.0,1.0,5.2279510498046875,968.0,0.0,0.6950209140777588,184.0
401,0.7995642701525054,0.8,4.0,0.0,1.0,0.0,0.0,0.0,0.0,0.0,1.0,4.866284132003784,1384.0,0.0,0.6949758529663086,184.0
402,0.7987878787878788,0.8,4.0,1.0,1.0,1.0,1.0,0.0,1.0,1.0,1.0,199.45742273330688,69424.0,1.0,49.129581928253174,25068.0
403,0.7969348659003832,0.8,4.0,1.0,1.0,0.0,0.0,0.0,0.0,1.0,1.0,4.780784845352173,1262.0,0.0,0.8576679229736328,332.0
404,0.7975708502024291,0.8,4.0,0.0,1.0,0.0,0.0,0.0,1.0,0.0,1.0,20.28294801712036,16191.0,0.0,2.5174520015716553,2184.0
405,0.8,0.8,4.0,0.0,1.0,1.0,1.0,0.0,1.0,1.0,1.0,2.258052110671997,212.0,1.0,2.3733761310577393,214.0
406,0.8,0.8,4.0,1.0,1.0,0.0,0.0,0.0,1.0,1.0,1.0,2.5064549446105957,686.0,0.0,0.4238147735595703,114.0
407,0.7971491228070176,0.8,4.0,1.0,1.0,0.0,1.0,0.0,1.0,1.0,1.0,2.826981782913208,342.0,1.0,2.6632168292999268,178.0
408,0.8035714285714286,0.8,4.0,0.0,1.0,1.0,1.0,0.0,1.0,0.0,1.0,5.67694091796875,3648.0,1.0,4.235036849975586,1941.0
409,0.7999999999999999,0.8,4.0,1.0,1.0,1.0,1.0,0.0,1.0,1.0,1.0,0.8890659809112549,146.0,1.0,0.7475299835205078,122.0
410,0.8071428571428572,0.81,4.0,1.0,1.0,0.0,0.0,0.0,1.0,1.0,1.0,1.7164978981018066,362.0,0.0,0.46724700927734375,106.0
411,0.805948275862069,0.81,4.0,1.0,1.0,0.0,0.0,0.0,1.0,1.0,1.0,19.28537607192993,13083.0,0.0,2.2644989490509033,1518.0
412,0.8085845189293465,0.81,4.0,0.0,1.0,0.0,0.0,0.0,0.0,0.0,1.0,139.68410181999207,12540.0,1.0,19.624413013458252,11104.0
413,0.8083333333333333,0.81,4.0,1.0,1.0,0.0,0.0,0.0,0.0,1.0,1.0,1.98996901512146,224.0,0.0,0.21400904655456543,24.0
414,0.8112522686025408,0.81,4.0,0.0,1.0,0.0,0.0,0.0,0.0,0.0,1.0,23.42707586288452,20577.0,0.0,3.761582851409912,3708.0
415,0.8122171945701357,0.81,4.0,1.0,1.0,1.0,1.0,0.0,1.0,1.0,1.0,2.1453657150268555,306.0,1.0,2.5755879878997803,224.0
416,0.8080495356037152,0.81,4.0,0.0,1.0,1.0,1.0,0.0,1.0,0.0,1.0,7.86798095703125,954.0,1.0,126.79770493507385,662.0
417,0.8123732251521298,0.81,4.0,0.0,0.0,0.0,0.0,0.0,0.0,0.0,0.0,161.69893980026245,34818.0,0.0,24.5610511302948,25269.0
418,0.8086080586080586,0.81,4.0,1.0,1.0,0.0,1.0,0.0,1.0,1.0,1.0,130.49898529052734,7239.0,1.0,10.944183826446533,7416.0
419,0.8119969275575682,0.81,4.0,0.0,1.0,0.0,0.0,0.0,0.0,0.0,1.0,169.9828588962555,119764.0,0.0,24.758764028549194,23520.0
420,0.8210227272727273,0.82,4.0,0.0,1.0,1.0,1.0,0.0,1.0,0.0,1.0,3.4174749851226807,536.0,1.0,3.267051935195923,370.0
421,0.8178733031674208,0.82,4.0,0.0,1.0,0.0,0.0,0.0,0.0,0.0,1.0,5.190691947937012,1712.0,0.0,0.7065398693084717,184.0
422,0.8152173913043479,0.82,4.0,1.0,1.0,0.0,1.0,0.0,1.0,1.0,1.0,4.1387059688568115,560.0,1.0,2.958807945251465,392.0
423,0.8192307692307692,0.82,4.0,1.0,1.0,0.0,1.0,0.0,1.0,1.0,1.0,2.0592470169067383,186.0,0.0,0.2536501884460449,24.0
424,0.8174603174603174,0.82,4.0,1.0,1.0,0.0,0.0,0.0,1.0,1.0,1.0,9.916208982467651,7482.0,1.0,8.065743207931519,6390.0
425,0.8192307692307692,0.82,4.0,0.0,1.0,0.0,0.0,0.0,0.0,0.0,1.0,55.82821083068848,50427.0,0.0,3.63076114654541,2259.0
426,0.8205741626794258,0.82,4.0,0.0,1.0,1.0,1.0,0.0,1.0,1.0,1.0,1.8358609676361084,426.0,1.0,1.5596001148223877,320.0
427,0.8203598200899551,0.82,4.0,0.0,1.0,0.0,0.0,0.0,0.0,0.0,1.0,75.30905485153198,58911.0,0.0,3.5815072059631348,3063.0
428,0.8232265446224256,0.82,4.0,1.0,1.0,0.0,0.0,0.0,0.0,1.0,1.0,10.069499969482422,6270.0,0.0,5.259620904922485,5688.0
429,0.8152014652014652,0.82,4.0,0.0,1.0,0.0,0.0,0.0,1.0,0.0,1.0,28.952218294143677,17286.0,0.0,2.8244071006774902,2874.0
430,0.8333333333333333,0.83,4.0,1.0,1.0,1.0,0.0,0.0,1.0,1.0,1.0,1.570408821105957,396.0,1.0,1.6625971794128418,376.0
431,0.8349358974358974,0.83,4.0,1.0,1.0,0.0,0.0,0.0,0.0,1.0,1.0,3.199065923690796,860.0,0.0,0.510977029800415,146.0
432,0.825,0.83,4.0,0.0,1.0,0.0,1.0,0.0,1.0,0.0,1.0,6.830043077468872,4212.0,1.0,7.422692775726318,3444.0
433,0.8315556547647932,0.83,4.0,1.0,1.0,0.0,0.0,0.0,0.0,1.0,1.0,224.7543511390686,165288.0,1.0,164.44604682922363,122808.0
434,0.8262046861184793,0.83,4.0,0.0,1.0,0.0,0.0,0.0,1.0,0.0,1.0,594.4401898384094,351996.0,0.0,14.913409948348999,19416.0
435,0.8261904761904761,0.83,4.0,1.0,1.0,1.0,1.0,0.0,1.0,1.0,1.0,19.527574062347412,14142.0,1.0,21.257482051849365,13401.0
436,0.8256302521008403,0.83,4.0,1.0,1.0,0.0,0.0,0.0,1.0,1.0,1.0,2.184696912765503,318.0,0.0,0.42119503021240234,70.0
437,0.8333333333333333,0.83,4.0,1.0,1.0,1.0,1.0,0.0,1.0,1.0,1.0,2.422187089920044,278.0,1.0,2.7147090435028076,278.0
438,0.8256302521008403,0.83,4.0,1.0,1.0,0.0,1.0,0.0,1.0,1.0,1.0,3.93121600151062,1581.0,0.0,2.1415562629699707,1203.0
439,0.8278867102396514,0.83,4.0,1.0,1.0,0.0,0.0,0.0,0.0,1.0,1.0,2.3549458980560303,336.0,0.0,0.23180007934570312,24.0
440,0.8362068965517242,0.84,4.0,1.0,1.0,0.0,0.0,0.0,0.0,1.0,1.0,28.644530773162842,21363.0,0.0,12.419380187988281,11277.0
441,0.8363636363636364,0.84,4.0,1.0,1.0,0.0,0.0,0.0,1.0,1.0,1.0,1.311295986175537,232.0,0.0,0.3921952247619629,72.0
442,0.8395833333333333,0.84,4.0,1.0,1.0,0.0,0.0,0.0,0.0,1.0,1.0,5.358466148376465,2082.0,0.0,3.729639768600464,1764.0
443,0.8378947368421052,0.84,4.0,1.0,1.0,0.0,0.0,0.0,0.0,1.0,1.0,3.557814836502075,730.0,0.0,0.5812661647796631,102.0
444,0.8397435897435898,0.84,4.0,1.0,1.0,0.0,0.0,0.0,0.0,1.0,1.0,4.547176837921143,992.0,0.0,0.6465699672698975,146.0
445,0.8357142857142857,0.84,4.0,1.0,1.0,0.0,0.0,0.0,1.0,1.0,1.0,12.905433177947998,10260.0,0.0,6.1656951904296875,3564.0
446,0.8352272727272727,0.84,4.0,0.0,0.0,0.0,0.0,0.0,0.0,0.0,0.0,1.8128352165222168,540.0,0.0,1.530090093612671,344.0
447,0.840544013707432,0.84,4.0,0.0,0.0,0.0,0.0,0.0,0.0,0.0,0.0,30.96729016304016,24393.0,0.0,4.427836894989014,4155.0
448,0.8361823361823362,0.84,4.0,0.0,1.0,0.0,0.0,0.0,0.0,1.0,1.0,20.709742069244385,16344.0,0.0,2.654850959777832,1857.0
449,0.8380681818181819,0.84,4.0,0.0,1.0,0.0,0.0,0.0,1.0,0.0,1.0,2.896660089492798,426.0,0.0,0.4390428066253662,70.0
450,0.8454545454545455,0.85,4.0,0.0,0.0,0.0,0.0,0.0,0.0,0.0,1.0,5.839833974838257,2496.0,0.0,3.598907232284546,2238.0
451,0.8466666666666667,0.85,4.0,1.0,1.0,0.0,0.0,0.0,0.0,1.0,1.0,4.618545055389404,1066.0,0.0,0.8414590358734131,204.0
452,0.8484848484848485,0.85,4.0,0.0,1.0,0.0,0.0,0.0,0.0,0.0,1.0,3.3223748207092285,688.0,0.0,1.2319049835205078,358.0
453,0.8454545454545455,0.85,4.0,1.0,1.0,0.0,0.0,0.0,0.0,1.0,1.0,2.151524066925049,566.0,0.0,0.3274049758911133,72.0
454,0.8497536945812807,0.85,4.0,0.0,1.0,0.0,0.0,0.0,0.0,0.0,1.0,9.729281902313232,2674.0,0.0,0.6684591770172119,184.0
455,0.854066985645933,0.85,4.0,1.0,1.0,0.0,0.0,0.0,0.0,1.0,1.0,3.0128750801086426,344.0,0.0,0.14390087127685547,8.0
456,0.8479623824451411,0.85,4.0,1.0,1.0,0.0,0.0,0.0,0.0,1.0,1.0,3.1835436820983887,640.0,0.0,1.4968888759613037,400.0
457,0.853448275862069,0.85,4.0,1.0,1.0,0.0,0.0,0.0,0.0,1.0,1.0,3.8716039657592773,726.0,0.0,0.2307267189025879,24.0
458,0.8472222222222222,0.85,4.0,1.0,1.0,0.0,1.0,0.0,1.0,1.0,1.0,1.8484480381011963,372.0,1.0,1.8742551803588867,250.0
459,0.8453511098701662,0.85,4.0,0.0,1.0,0.0,0.0,0.0,0.0,0.0,1.0,22.435681104660034,12096.0,0.0,1.2845840454101562,1023.0
460,0.8611111111111112,0.86,4.0,1.0,1.0,0.0,0.0,0.0,0.0,1.0,1.0,0.4447629451751709,32.0,1.0,0.4337642192840576,32.0
461,0.8629605263157895,0.86,4.0,0.0,1.0,0.0,0.0,0.0,0.0,0.0,1.0,20.358180284500122,13608.0,0.0,12.231937170028687,10572.0
462,0.8554197994987468,0.86,4.0,0.0,1.0,0.0,0.0,0.0,0.0,0.0,1.0,216.18272495269775,108480.0,0.0,80.5739061832428,75564.0
463,0.8583333333333334,0.86,4.0,1.0,1.0,0.0,0.0,0.0,1.0,1.0,1.0,3.5103890895843506,940.0,0.0,0.4929542541503906,76.0
464,0.856060606060606,0.86,4.0,1.0,1.0,0.0,0.0,0.0,0.0,1.0,1.0,1.8924291133880615,32.0,1.0,1.7014410495758057,32.0
465,0.8631578947368421,0.86,4.0,1.0,1.0,0.0,0.0,0.0,0.0,1.0,1.0,2.84024977684021,686.0,0.0,0.4735829830169678,108.0
466,0.8583333333333334,0.86,4.0,1.0,1.0,0.0,0.0,0.0,0.0,1.0,1.0,2.7880818843841553,342.0,0.0,0.13170623779296875,8.0
467,0.8606060606060606,0.86,4.0,0.0,0.0,0.0,0.0,0.0,0.0,0.0,0.0,2.677849054336548,838.0,0.0,0.6289069652557373,140.0
468,0.8564814814814815,0.86,4.0,1.0,1.0,0.0,0.0,0.0,0.0,1.0,1.0,4.211282730102539,950.0,0.0,0.4755988121032715,104.0
469,0.8636363636363636,0.86,4.0,1.0,1.0,0.0,0.0,0.0,0.0,1.0,1.0,2.2829220294952393,298.0,0.0,0.12047386169433594,8.0
470,0.8660714285714286,0.87,4.0,0.0,1.0,0.0,0.0,0.0,0.0,0.0,1.0,8.708261966705322,3756.0,0.0,4.039722919464111,3150.0
471,0.8701298701298701,0.87,4.0,1.0,1.0,0.0,0.0,0.0,0.0,1.0,1.0,5.34398078918457,800.0,0.0,0.5972092151641846,102.0
472,0.8666666666666667,0.87,4.0,1.0,1.0,0.0,0.0,0.0,0.0,1.0,1.0,3.417104959487915,514.0,1.0,2.215449810028076,514.0
473,0.8652037617554859,0.87,4.0,0.0,0.0,0.0,0.0,0.0,0.0,0.0,0.0,2.6701269149780273,1082.0,0.0,1.590291976928711,428.0
474,0.867816091954023,0.87,4.0,1.0,1.0,0.0,1.0,0.0,1.0,1.0,1.0,2.937873125076294,280.0,1.0,2.6387569904327393,280.0
475,0.8686274509803922,0.87,4.0,1.0,1.0,0.0,0.0,0.0,0.0,1.0,1.0,2.14667010307312,412.0,0.0,0.3665027618408203,70.0
476,0.8666666666666667,0.87,4.0,0.0,1.0,0.0,0.0,0.0,0.0,0.0,1.0,2.8316779136657715,468.0,0.0,1.1460747718811035,222.0
477,0.8668831168831169,0.87,4.0,0.0,1.0,0.0,1.0,0.0,1.0,0.0,1.0,26.000991106033325,17349.0,1.0,13.072992086410522,7230.0
478,0.8705194805194805,0.87,4.0,1.0,1.0,0.0,0.0,0.0,0.0,1.0,1.0,28.858520030975342,19341.0,0.0,2.2943079471588135,1836.0
479,0.8677248677248677,0.87,4.0,0.0,1.0,0.0,0.0,0.0,0.0,0.0,1.0,29.939524173736572,18225.0,0.0,1.9297411441802979,1575.0
480,0.8796296296296297,0.88,4.0,0.0,0.0,0.0,0.0,0.0,0.0,0.0,1.0,11.95725393295288,4476.0,0.0,6.698209047317505,3972.0
481,0.8756410256410256,0.88,4.0,1.0,1.0,0.0,0.0,0.0,0.0,1.0,1.0,3.8983569145202637,1002.0,0.0,1.3339738845825195,258.0
482,0.8849206349206349,0.88,4.0,1.0,1.0,0.0,0.0,0.0,0.0,1.0,1.0,2.4779882431030273,360.0,0.0,0.24733996391296387,24.0
483,0.8774703557312253,0.88,4.0,1.0,1.0,0.0,0.0,0.0,0.0,1.0,1.0,4.117518901824951,1014.0,0.0,0.5430951118469238,152.0
484,0.881578947368421,0.88,4.0,1.0,1.0,0.0,0.0,0.0,0.0,1.0,1.0,2.44441294670105,328.0,0.0,0.28165507316589355,44.0
485,0.8798400673400674,0.88,4.0,1.0,1.0,0.0,0.0,0.0,0.0,1.0,1.0,21.972448110580444,12189.0,0.0,0.28331875801086426,129.0
486,0.8812321937321937,0.88,4.0,0.0,1.0,0.0,0.0,0.0,1.0,0.0,1.0,53.47225475311279,25974.0,0.0,9.90956997871399,8124.0
487,0.8769063180827886,0.88,4.0,0.0,0.0,0.0,0.0,0.0,0.0,0.0,1.0,24.424442052841187,13836.0,1.0,19.806299209594727,12048.0
488,0.8797953964194374,0.88,4.0,0.0,1.0,0.0,0.0,0.0,0.0,0.0,1.0,6.9132630825042725,1718.0,0.0,0.4665708541870117,102.0
489,0.8760683760683761,0.88,4.0,0.0,0.0,0.0,0.0,0.0,0.0,0.0,0.0,1.5072708129882812,370.0,0.0,0.3893921375274658,70.0
490,0.887057387057387,0.89,4.0,0.0,0.0,0.0,0.0,0.0,0.0,0.0,0.0,27.78798007965088,20601.0,0.0,6.225770950317383,6057.0
491,0.8941570881226053,0.89,4.0,0.0,0.0,0.0,0.0,0.0,0.0,0.0,1.0,20.915106058120728,15906.0,0.0,18.145164012908936,13194.0
492,0.8888888888888888,0.89,4.0,1.0,1.0,0.0,0.0,0.0,0.0,1.0,1.0,1.8338329792022705,250.0,0.0,0.29680514335632324,24.0
493,0.8888888888888888,0.89,4.0,1.0,1.0,0.0,0.0,0.0,0.0,1.0,1.0,1.65488600730896,248.0,0.0,0.18575215339660645,24.0
494,0.889367816091954,0.89,4.0,0.0,0.0,0.0,0.0,0.0,0.0,0.0,1.0,30.974012851715088,19968.0,0.0,19.892347812652588,15225.0
495,0.8898601398601398,0.89,4.0,0.0,0.0,0.0,0.0,0.0,0.0,0.0,0.0,1.2519738674163818,340.0,0.0,0.3955657482147217,70.0
496,0.8857142857142857,0.89,4.0,0.0,1.0,0.0,0.0,0.0,0.0,0.0,1.0,1.0775790214538574,96.0,0.0,0.19806599617004395,24.0
497,0.8935897435897435,0.89,4.0,1.0,1.0,0.0,1.0,0.0,1.0,1.0,1.0,25.141321182250977,16044.0,1.0,19.22916579246521,12459.0
498,0.8936688311688312,0.89,4.0,1.0,0.0,0.0,1.0,0.0,1.0,1.0,1.0,14.128247022628784,8073.0,1.0,10.914093971252441,5823.0
499,0.8897537647537648,0.89,4.0,0.0,0.0,0.0,0.0,0.0,0.0,0.0,1.0,98.07978796958923,74312.0,0.0,55.952880859375,48348.0
500,0.8958333333333333,0.9,4.0,0.0,1.0,0.0,0.0,0.0,0.0,0.0,0.0,3.1991021633148193,1683.0,0.0,0.9835920333862305,642.0
501,0.8999999999999999,0.9,4.0,0.0,1.0,1.0,1.0,0.0,1.0,0.0,1.0,10.639622926712036,6177.0,1.0,8.232239961624146,4068.0
502,0.9004702194357367,0.9,4.0,0.0,1.0,0.0,0.0,0.0,0.0,0.0,1.0,6.6268720626831055,1594.0,0.0,0.48624324798583984,70.0
503,0.9001831501831502,0.9,4.0,0.0,0.0,0.0,0.0,0.0,0.0,0.0,1.0,17.524166107177734,11301.0,1.0,13.801881074905396,7137.0
504,0.8973214285714286,0.9,4.0,0.0,0.0,0.0,0.0,0.0,0.0,0.0,0.0,1.526824951171875,422.0,0.0,0.3942532539367676,70.0
505,0.9019607843137255,0.9,4.0,0.0,1.0,0.0,0.0,0.0,0.0,0.0,1.0,2.4526636600494385,432.0,0.0,0.9890990257263184,156.0
506,0.9,0.9,4.0,0.0,0.0,0.0,0.0,0.0,0.0,0.0,0.0,1.7159359455108643,496.0,0.0,0.46338415145874023,102.0
507,0.8973820297349708,0.9,4.0,0.0,0.0,0.0,0.0,0.0,0.0,0.0,0.0,15.17459511756897,11880.0,0.0,1.0577328205108643,801.0
508,0.9039351851851851,0.9,4.0,0.0,0.0,0.0,0.0,0.0,0.0,0.0,0.0,3.617076873779297,1124.0,0.0,0.2867703437805176,44.0
509,0.8961538461538461,0.9,4.0,0.0,1.0,0.0,0.0,0.0,0.0,0.0,1.0,3.668379306793213,730.0,0.0,0.3342630863189697,44.0
510,0.9112554112554112,0.91,4.0,1.0,1.0,0.0,1.0,0.0,1.0,1.0,1.0,1.995492935180664,210.0,1.0,2.031317949295044,214.0
511,0.9066985645933014,0.91,4.0,1.0,1.0,0.0,0.0,0.0,0.0,1.0,1.0,3.215676784515381,512.0,0.0,0.2492530345916748,44.0
512,0.9107142857142856,0.91,4.0,0.0,0.0,0.0,0.0,0.0,0.0,0.0,0.0,6.362160682678223,1902.0,0.0,0.3650510311126709,70.0
513,0.9051724137931034,0.91,4.0,0.0,0.0,0.0,0.0,0.0,0.0,0.0,0.0,2.6959798336029053,890.0,0.0,0.4572873115539551,102.0
514,0.9074074074074074,0.91,4.0,1.0,1.0,0.0,0.0,0.0,0.0,1.0,1.0,3.773376941680908,1176.0,0.0,0.3040740489959717,44.0
515,0.9143518518518519,0.91,4.0,1.0,1.0,0.0,0.0,0.0,0.0,1.0,1.0,4.590927839279175,1170.0,0.0,0.3870410919189453,70.0
516,0.9076923076923078,0.91,4.0,0.0,1.0,0.0,0.0,0.0,0.0,0.0,1.0,3.6250762939453125,646.0,0.0,0.32259202003479004,44.0
517,0.9124303232998885,0.91,4.0,1.0,1.0,0.0,0.0,0.0,0.0,1.0,1.0,28.051351070404053,18702.0,0.0,0.8235809803009033,627.0
518,0.9099777034559643,0.91,4.0,1.0,1.0,0.0,0.0,0.0,0.0,1.0,1.0,37.084444761276245,22737.0,1.0,34.623655796051025,26979.0
519,0.90625,0.91,4.0,1.0,1.0,0.0,0.0,0.0,0.0,1.0,1.0,2.2818222045898438,414.0,0.0,0.22480297088623047,24.0
520,0.9238095238095237,0.92,4.0,1.0,1.0,1.0,1.0,0.0,1.0,1.0,1.0,3.685421943664551,1008.0,1.0,3.716463804244995,1008.0
521,0.9166666666666666,0.92,4.0,0.0,0.0,0.0,0.0,0.0,0.0,0.0,0.0,0.8040509223937988,182.0,0.0,0.3319840431213379,70.0
522,0.9157509157509157,0.92,4.0,0.0,0.0,0.0,0.0,0.0,0.0,0.0,1.0,39.778757095336914,24831.0,0.0,18.882990837097168,14700.0
523,0.9227272727272726,0.92,4.0,0.0,0.0,0.0,0.0,0.0,0.0,0.0,0.0,7.786167860031128,2508.0,0.0,0.37125396728515625,70.0
524,0.9246153846153846,0.92,4.0,1.0,1.0,0.0,0.0,0.0,0.0,1.0,0.0,38.86385202407837,29256.0,0.0,5.220402956008911,5997.0
525,0.9234848484848485,0.92,4.0,0.0,0.0,0.0,0.0,0.0,0.0,0.0,0.0,17.873293161392212,14721.0,0.0,13.72631287574768,10266.0
526,0.9242424242424242,0.92,4.0,0.0,0.0,0.0,0.0,0.0,0.0,0.0,0.0,13.636090993881226,8853.0,0.0,0.6263973712921143,369.0
527,0.9166666666666666,0.92,4.0,1.0,1.0,0.0,0.0,0.0,0.0,1.0,1.0,1.733508825302124,244.0,0.0,0.17631292343139648,22.0
528,0.9185185185185185,0.92,4.0,1.0,1.0,0.0,0.0,0.0,0.0,1.0,1.0,2.13955020904541,268.0,0.0,0.1269221305847168,8.0
529,0.915151515151515,0.92,4.0,0.0,1.0,0.0,0.0,0.0,0.0,0.0,1.0,51.11333513259888,34779.0,0.0,0.8524811267852783,690.0
530,0.9333333333333333,0.93,4.0,1.0,1.0,0.0,0.0,0.0,0.0,1.0,1.0,1.4476127624511719,182.0,0.0,0.19330215454101562,24.0
531,0.9296840958605664,0.93,4.0,0.0,0.0,0.0,0.0,0.0,0.0,0.0,0.0,21.863950967788696,16068.0,0.0,0.597858190536499,318.0
532,0.9330143540669855,0.93,4.0,1.0,1.0,0.0,0.0,0.0,0.0,1.0,1.0,3.035245656967163,540.0,0.0,0.2316439151763916,24.0
533,0.9298245614035088,0.93,4.0,1.0,1.0,0.0,0.0,0.0,0.0,1.0,1.0,2.543046236038208,628.0,0.0,0.27545905113220215,42.0
534,0.9331896551724138,0.93,4.0,0.0,1.0,0.0,0.0,0.0,0.0,0.0,1.0,5.12291407585144,1114.0,0.0,2.1655771732330322,736.0
535,0.9302881027018958,0.93,4.0,0.0,0.0,0.0,0.0,0.0,0.0,0.0,1.0,80.28305792808533,46440.0,0.0,4.825909852981567,3051.0
536,0.9336870026525199,0.93,4.0,0.0,0.0,0.0,0.0,0.0,0.0,0.0,0.0,644.1239540576935,431356.0,0.0,61.94821000099182,121664.0
537,0.925,0.93,4.0,1.0,1.0,0.0,0.0,0.0,0.0,1.0,1.0,2.879000663757324,624.0,0.0,0.35877466201782227,44.0
538,0.93006993006993,0.93,4.0,0.0,0.0,0.0,0.0,0.0,0.0,0.0,1.0,31.981037139892578,20511.0,0.0,9.919419050216675,7896.0
539,0.9280112044817928,0.93,4.0,0.0,0.0,0.0,0.0,0.0,0.0,0.0,1.0,21.664873838424683,13944.0,0.0,14.978147029876709,13242.0
540,0.9422550629447182,0.94,4.0,0.0,0.0,0.0,0.0,0.0,0.0,0.0,1.0,33.30749487876892,22851.0,0.0,4.1455957889556885,4419.0
541,0.939766081871345,0.94,4.0,0.0,0.0,0.0,0.0,0.0,0.0,0.0,0.0,38.91724610328674,32082.0,0.0,0.4587700366973877,276.0
542,0.9404761904761905,0.94,4.0,0.0,0.0,0.0,0.0,0.0,0.0,0.0,0.0,2.2306787967681885,468.0,0.0,0.12252426147460938,8.0
543,0.9358974358974359,0.94,4.0,1.0,1.0,0.0,0.0,0.0,0.0,1.0,1.0,1.8551921844482422,80.0,1.0,2.1520791053771973,80.0
544,0.9362859362859363,0.94,4.0,0.0,0.0,0.0,0.0,0.0,0.0,0.0,1.0,73.52354192733765,57328.0,0.0,55.91669416427612,34612.0
545,0.9396135265700483,0.94,4.0,0.0,0.0,0.0,0.0,0.0,0.0,0.0,0.0,7.583229303359985,1748.0,0.0,0.2981908321380615,44.0
546,0.9415584415584416,0.94,4.0,0.0,0.0,0.0,0.0,0.0,0.0,0.0,0.0,2.2396700382232666,732.0,0.0,0.29746484756469727,44.0
547,0.9407894736842105,0.94,4.0,0.0,0.0,0.0,0.0,0.0,0.0,0.0,0.0,0.6340818405151367,116.0,0.0,0.11811089515686035,8.0
548,0.9423076923076923,0.94,4.0,0.0,0.0,0.0,0.0,0.0,0.0,0.0,0.0,1.4168591499328613,326.0,0.0,0.34347009658813477,44.0
549,0.9376218323586745,0.94,4.0,0.0,0.0,0.0,0.0,0.0,0.0,0.0,0.0,6.314305067062378,1932.0,0.0,0.2650461196899414,44.0
550,0.9531739811912225,0.95,4.0,0.0,0.0,0.0,0.0,0.0,0.0,0.0,0.0,15.947728872299194,13629.0,0.0,12.447427034378052,10512.0
551,0.9515384615384616,0.95,4.0,1.0,1.0,0.0,0.0,0.0,0.0,1.0,1.0,4.36205267906189,1090.0,0.0,0.21444201469421387,22.0
552,0.9485294117647058,0.95,4.0,0.0,0.0,0.0,0.0,0.0,0.0,0.0,0.0,3.2249531745910645,796.0,0.0,0.11613583564758301,8.0
553,0.9479166666666667,0.95,4.0,0.0,1.0,0.0,0.0,0.0,0.0,0.0,1.0,2.282503128051758,336.0,0.0,1.075195074081421,102.0
554,0.9490196078431372,0.95,4.0,1.0,1.0,0.0,0.0,0.0,0.0,1.0,1.0,2.36381196975708,380.0,0.0,0.1435079574584961,8.0
555,0.9541666666666666,0.95,4.0,1.0,1.0,0.0,0.0,0.0,0.0,1.0,1.0,32.67151474952698,21324.0,0.0,0.4108617305755615,117.0
556,0.95,0.95,4.0,0.0,0.0,0.0,0.0,0.0,0.0,0.0,0.0,0.5903909206390381,120.0,0.0,0.4359128475189209,62.0
557,0.9451515151515152,0.95,4.0,0.0,0.0,0.0,0.0,0.0,0.0,0.0,0.0,44.82998490333557,31518.0,0.0,1.0271368026733398,717.0
558,0.9505494505494505,0.95,4.0,0.0,1.0,0.0,0.0,0.0,0.0,0.0,1.0,3.3811252117156982,728.0,0.0,0.20164871215820312,24.0
559,0.9497354497354498,0.95,4.0,1.0,1.0,0.0,0.0,0.0,0.0,1.0,1.0,2.3797898292541504,410.0,0.0,1.6055269241333008,360.0
560,0.9554112554112554,0.96,4.0,0.0,0.0,0.0,0.0,0.0,0.0,0.0,0.0,22.661022901535034,11784.0,0.0,6.515804767608643,5124.0
561,0.9631578947368421,0.96,4.0,1.0,1.0,0.0,0.0,0.0,0.0,1.0,1.0,4.266939163208008,696.0,0.0,0.22023487091064453,22.0
562,0.9636591478696741,0.96,4.0,1.0,1.0,0.0,0.0,0.0,0.0,1.0,1.0,3.5128579139709473,620.0,0.0,0.1910719871520996,24.0
563,0.9560185185185185,0.96,4.0,1.0,1.0,1.0,1.0,0.0,1.0,1.0,1.0,14.600673913955688,8460.0,1.0,16.424790859222412,6801.0
564,0.9642857142857143,0.96,4.0,1.0,1.0,0.0,0.0,0.0,0.0,1.0,1.0,3.1146979331970215,1178.0,0.0,0.09872698783874512,8.0
565,0.9567307692307692,0.96,4.0,0.0,0.0,0.0,0.0,0.0,0.0,0.0,1.0,330.65669894218445,177948.0,0.0,81.72322392463684,56452.0
566,0.9583333333333333,0.96,4.0,0.0,0.0,0.0,0.0,0.0,0.0,0.0,0.0,1.5507919788360596,466.0,0.0,0.30696702003479004,24.0
567,0.9576719576719577,0.96,4.0,0.0,0.0,0.0,0.0,0.0,0.0,0.0,0.0,6.637768268585205,1462.0,0.0,0.23749876022338867,24.0
568,0.9598214285714286,0.96,4.0,0.0,0.0,0.0,0.0,0.0,0.0,0.0,0.0,4.378756046295166,1492.0,0.0,0.2383410930633545,24.0
569,0.9615384615384616,0.96,4.0,0.0,0.0,0.0,0.0,0.0,0.0,0.0,0.0,2.5214760303497314,808.0,0.0,0.30376219749450684,44.0
570,0.9696356275303644,0.97,4.0,0.0,0.0,0.0,0.0,0.0,0.0,0.0,0.0,4.040271043777466,1100.0,0.0,0.31428980827331543,24.0
571,0.9652777777777778,0.97,4.0,1.0,1.0,0.0,0.0,0.0,0.0,1.0,1.0,3.0498721599578857,520.0,0.0,0.14263105392456055,8.0
572,0.9711640211640211,0.97,4.0,0.0,0.0,0.0,0.0,0.0,0.0,0.0,1.0,57.667444944381714,22683.0,0.0,46.76018309593201,22116.0
573,0.9656862745098038,0.97,4.0,1.0,1.0,0.0,0.0,0.0,0.0,1.0,1.0,3.3252921104431152,480.0,0.0,0.2231740951538086,24.0
574,0.9722222222222221,0.97,4.0,0.0,0.0,0.0,0.0,0.0,0.0,0.0,1.0,89.65323781967163,41200.0,0.0,49.277809143066406,23352.0
575,0.975,0.97,4.0,0.0,0.0,0.0,0.0,0.0,0.0,0.0,0.0,1.2905659675598145,196.0,0.0,0.26778697967529297,24.0
576,0.9659090909090909,0.97,4.0,0.0,0.0,0.0,0.0,0.0,0.0,0.0,0.0,1.2800250053405762,236.0,0.0,0.19037818908691406,24.0
577,0.975,0.97,4.0,0.0,0.0,0.0,0.0,0.0,0.0,0.0,0.0,1.2667019367218018,422.0,0.0,0.1179499626159668,8.0
578,0.9666666666666667,0.97,4.0,1.0,1.0,0.0,0.0,0.0,0.0,1.0,1.0,2.858220100402832,670.0,0.0,2.0015499591827393,622.0
579,0.9724137931034482,0.97,4.0,1.0,1.0,0.0,0.0,0.0,0.0,1.0,1.0,3.545657157897949,1322.0,0.0,0.17626500129699707,24.0
580,0.9841269841269841,0.98,4.0,1.0,1.0,0.0,0.0,0.0,0.0,1.0,1.0,2.42309308052063,314.0,0.0,0.1194760799407959,8.0
581,0.9843550446998723,0.98,4.0,0.0,0.0,0.0,0.0,0.0,0.0,0.0,0.0,200.44025087356567,352932.0,0.0,70.82284092903137,160988.0
582,0.9772727272727273,0.98,4.0,0.0,0.0,0.0,0.0,0.0,0.0,0.0,0.0,1.4407060146331787,222.0,0.0,0.4521620273590088,24.0
583,0.982051282051282,0.98,4.0,1.0,1.0,0.0,0.0,0.0,0.0,1.0,1.0,11.948728084564209,6777.0,1.0,18.87830400466919,6426.0
584,0.9802631578947368,0.98,4.0,1.0,1.0,0.0,0.0,0.0,0.0,1.0,1.0,4.341453790664673,442.0,0.0,0.30882930755615234,8.0
585,0.98,0.98,4.0,1.0,1.0,0.0,0.0,0.0,0.0,1.0,1.0,7.737894773483276,1216.0,0.0,0.35050201416015625,22.0
586,0.9819004524886878,0.98,4.0,1.0,1.0,0.0,0.0,0.0,0.0,1.0,1.0,3.2385218143463135,280.0,0.0,0.24257993698120117,8.0
587,0.9756944444444444,0.98,4.0,1.0,1.0,0.0,0.0,0.0,0.0,1.0,1.0,2.2731142044067383,148.0,0.0,0.21686792373657227,8.0
588,0.9815126050420169,0.98,4.0,0.0,0.0,0.0,0.0,0.0,0.0,0.0,0.0,662.0869951248169,626176.0,0.0,47.03308987617493,122608.0
589,0.9841269841269842,0.98,4.0,1.0,1.0,0.0,0.0,0.0,0.0,1.0,1.0,5.178230047225952,514.0,0.0,0.19973492622375488,8.0
590,0.9901960784313726,0.99,4.0,0.0,0.0,0.0,0.0,0.0,0.0,0.0,0.0,2.5506322383880615,386.0,0.0,0.4965198040008545,8.0
591,0.9877450980392157,0.99,4.0,1.0,1.0,0.0,0.0,0.0,0.0,1.0,1.0,3.309483766555786,230.0,0.0,0.2036607265472412,8.0
592,0.9925925925925926,0.99,4.0,0.0,0.0,0.0,0.0,0.0,0.0,0.0,0.0,5.873398780822754,1064.0,0.0,0.22058320045471191,8.0
593,0.9935515873015872,0.99,4.0,0.0,0.0,0.0,0.0,0.0,0.0,0.0,0.0,184.54979586601257,327984.0,0.0,3.5959978103637695,9588.0
594,0.9867632367632367,0.99,4.0,0.0,0.0,0.0,0.0,0.0,0.0,0.0,1.0,33.82813477516174,11754.0,0.0,10.104488134384155,3300.0
595,0.9930555555555556,0.99,4.0,0.0,0.0,0.0,0.0,0.0,0.0,0.0,0.0,7.611715078353882,1182.0,0.0,0.5845098495483398,8.0
596,0.9932659932659933,0.99,4.0,0.0,0.0,0.0,0.0,0.0,0.0,0.0,0.0,6.528318881988525,1030.0,0.0,1.4636130332946777,184.0
597,0.9910714285714286,0.99,4.0,1.0,1.0,0.0,0.0,0.0,0.0,1.0,1.0,4.425975799560547,520.0,0.0,2.48903489112854,422.0
598,0.9888888888888889,0.99,4.0,0.0,0.0,0.0,0.0,0.0,0.0,0.0,0.0,32.991055965423584,14355.0,0.0,10.438978672027588,4368.0
599,0.9877450980392157,0.99,4.0,1.0,1.0,0.0,0.0,0.0,0.0,1.0,1.0,3.355222702026367,230.0,0.0,0.30535387992858887,8.0
